user_id,amount,timestamp,device_id,receiver,hour,is_night,time_gap,device_change,location_change,is_fraud
1,860.92,2026-01-04T11:36:59.972147,device_1_1,merchant_1_1,11,0,2274.0,0,0,0
1,981.18,2026-01-04T12:27:39.972147,device_1_1,merchant_1_1,12,0,3040.0,0,1,0
1,1681.93,2026-01-04T12:33:03.972147,device_1_1,merchant_1_1,12,0,324.0,0,0,0
1,90.52,2026-01-04T13:25:43.972147,device_1_1,merchant_1_1,13,0,3160.0,0,0,0
1,1190.03,2026-01-04T14:10:40.972147,device_1_1,merchant_1_1,14,0,2697.0,0,0,0
1,1127.85,2026-01-04T14:25:24.972147,device_1_1,merchant_1_1,14,0,884.0,0,0,0
1,1477.34,2026-01-04T14:28:38.972147,device_1_57,merchant_1_1,14,0,194.0,1,0,0
1,1510.63,2026-01-04T15:00:10.972147,device_1_57,merchant_1_1,15,0,1892.0,0,0,0
1,1639.85,2026-01-04T15:48:59.972147,device_1_57,merchant_594,15,0,2929.0,0,0,0
1,909.34,2026-01-04T16:26:06.972147,device_1_57,merchant_382,16,0,2227.0,0,0,0
1,1717.11,2026-01-04T16:41:01.972147,device_1_57,merchant_382,16,0,895.0,0,0,0
1,457.03,2026-01-04T17:40:35.972147,device_1_57,merchant_382,17,0,3574.0,0,0,0
1,1540.34,2026-01-04T17:44:11.972147,device_1_57,merchant_382,17,0,216.0,0,0,0
1,1864.55,2026-01-04T17:56:57.972147,device_1_57,merchant_382,17,0,766.0,0,0,0
1,1841.01,2026-01-04T18:18:48.972147,device_1_7,merchant_382,18,0,1311.0,1,0,0
1,211.51,2026-01-04T18:36:58.972147,device_1_53,merchant_382,18,0,1090.0,1,0,0
1,559.73,2026-01-04T19:10:33.972147,device_1_53,merchant_382,19,0,2015.0,0,0,0
1,1330.12,2026-01-04T19:32:41.972147,device_1_53,merchant_382,19,0,1328.0,0,0,0
1,1187.83,2026-01-04T19:43:03.972147,device_1_53,merchant_382,19,0,622.0,0,0,0
1,1931.07,2026-01-04T20:07:21.972147,device_1_53,merchant_382,20,0,1458.0,0,0,0
1,1137.91,2026-01-04T20:55:52.972147,device_1_53,merchant_382,20,0,2911.0,0,0,0
1,804.7,2026-01-04T21:36:50.972147,device_1_53,merchant_382,21,0,2458.0,0,0,0
1,549.78,2026-01-04T22:15:08.972147,device_1_53,merchant_382,22,0,2298.0,0,0,0
1,1632.89,2026-01-04T22:28:40.972147,device_1_53,merchant_382,22,0,812.0,0,1,0
1,1386.87,2026-01-04T22:33:08.972147,device_1_53,merchant_251,22,0,268.0,0,0,0
1,1931.08,2026-01-04T22:58:37.972147,device_1_6,merchant_251,22,0,1529.0,1,1,0
1,1955.35,2026-01-04T23:36:35.972147,device_1_6,merchant_251,23,0,2278.0,0,0,0
1,1040.47,2026-01-04T23:53:03.972147,device_1_6,merchant_809,23,0,988.0,0,1,0
1,1630.3,2026-01-05T00:04:14.972147,device_1_6,merchant_423,0,1,671.0,0,0,0
1,220.36,2026-01-05T00:39:14.972147,device_1_6,merchant_423,0,1,2100.0,0,0,0
1,1767.23,2026-01-05T00:44:20.972147,device_1_6,merchant_423,0,1,306.0,0,0,0
1,1012.33,2026-01-05T01:01:45.972147,device_1_6,merchant_346,1,1,1045.0,0,0,0
1,1317.34,2026-01-05T01:09:33.972147,device_1_6,merchant_200,1,1,468.0,0,0,0
1,65.09,2026-01-05T01:38:38.972147,device_1_6,merchant_200,1,1,1745.0,0,0,0
1,1237.67,2026-01-05T02:02:02.972147,device_1_6,merchant_200,2,1,1404.0,0,0,0
1,890.12,2026-01-05T02:04:38.972147,device_1_6,merchant_200,2,1,156.0,0,0,0
1,999.99,2026-01-05T02:13:10.972147,device_1_6,merchant_200,2,1,512.0,0,0,0
1,1820.07,2026-01-05T03:01:07.972147,device_1_6,merchant_200,3,1,2877.0,0,0,0
1,1036.4,2026-01-05T03:52:41.972147,device_1_6,merchant_200,3,1,3094.0,0,0,0
1,1429.94,2026-01-05T04:32:46.972147,device_1_6,merchant_200,4,1,2405.0,0,0,0
2,789.89,2026-01-04T11:50:31.972147,device_2_1,merchant_2_1,11,0,3086.0,0,0,0
2,1031.76,2026-01-04T12:33:25.972147,device_2_1,merchant_2_1,12,0,2574.0,0,1,0
2,160.07,2026-01-04T12:36:44.972147,device_2_1,merchant_2_1,12,0,199.0,0,0,0
2,634.54,2026-01-04T13:24:23.972147,device_2_1,merchant_220,13,0,2859.0,0,0,0
2,864.1,2026-01-04T14:23:08.972147,device_2_1,merchant_220,14,0,3525.0,0,0,0
2,594.55,2026-01-04T14:33:38.972147,device_2_4,merchant_220,14,0,630.0,1,0,0
2,368.8,2026-01-04T15:14:33.972147,device_2_4,merchant_220,15,0,2455.0,0,0,0
2,1247.96,2026-01-04T15:46:47.972147,device_2_4,merchant_220,15,0,1934.0,0,0,0
2,1909.78,2026-01-04T16:34:46.972147,device_2_97,merchant_713,16,0,2879.0,1,0,0
2,794.66,2026-01-04T17:08:52.972147,device_2_97,merchant_713,17,0,2046.0,0,0,0
2,773.7,2026-01-04T18:01:10.972147,device_2_97,merchant_713,18,0,3138.0,0,0,0
2,279.9,2026-01-04T18:47:35.972147,device_2_97,merchant_713,18,0,2785.0,0,0,0
2,1729.13,2026-01-04T19:06:25.972147,device_2_97,merchant_323,19,0,1130.0,0,0,0
2,60.99,2026-01-04T19:24:24.972147,device_2_97,merchant_323,19,0,1079.0,0,0,0
2,719.57,2026-01-04T19:40:34.972147,device_2_57,merchant_569,19,0,970.0,1,0,0
2,268.08,2026-01-04T20:26:03.972147,device_2_57,merchant_569,20,0,2729.0,0,0,0
2,874.58,2026-01-04T21:05:01.972147,device_2_55,merchant_569,21,0,2338.0,1,0,0
2,1709.31,2026-01-04T21:07:58.972147,device_2_55,merchant_569,21,0,177.0,0,0,0
2,504.68,2026-01-04T21:41:31.972147,device_2_55,merchant_569,21,0,2013.0,0,0,0
2,1145.42,2026-01-04T21:44:40.972147,device_2_55,merchant_569,21,0,189.0,0,1,0
2,1586.41,2026-01-04T22:35:29.972147,device_2_55,merchant_569,22,0,3049.0,0,0,0
2,1946.62,2026-01-04T23:10:51.972147,device_2_55,merchant_569,23,0,2122.0,0,0,0
2,1848.2,2026-01-04T23:17:07.972147,device_2_55,merchant_121,23,0,376.0,0,0,0
2,808.94,2026-01-04T23:37:16.972147,device_2_55,merchant_121,23,0,1209.0,0,0,0
2,1461.19,2026-01-04T23:59:59.972147,device_2_55,merchant_121,23,0,1363.0,0,0,0
2,1387.35,2026-01-05T00:39:01.972147,device_2_55,merchant_927,0,1,2342.0,0,0,0
2,1136.72,2026-01-05T01:37:29.972147,device_2_55,merchant_927,1,1,3508.0,0,0,0
2,860.99,2026-01-05T02:24:31.972147,device_2_55,merchant_927,2,1,2822.0,0,0,0
2,422.53,2026-01-05T02:45:09.972147,device_2_55,merchant_927,2,1,1238.0,0,0,0
2,680.16,2026-01-05T03:10:45.972147,device_2_55,merchant_927,3,1,1536.0,0,0,0
2,1277.74,2026-01-05T03:20:11.972147,device_2_55,merchant_927,3,1,566.0,0,0,0
2,819.75,2026-01-05T04:10:29.972147,device_2_55,merchant_927,4,1,3018.0,0,0,0
2,1624.67,2026-01-05T05:04:03.972147,device_2_55,merchant_717,5,0,3214.0,0,0,0
2,53.6,2026-01-05T05:16:24.972147,device_2_55,merchant_717,5,0,741.0,0,0,0
2,184.29,2026-01-05T05:43:19.972147,device_2_55,merchant_717,5,0,1615.0,0,1,0
2,103.13,2026-01-05T06:05:38.972147,device_2_55,merchant_717,6,0,1339.0,0,0,0
2,1952.03,2026-01-05T06:58:54.972147,device_2_55,merchant_717,6,0,3196.0,0,0,0
2,1424.23,2026-01-05T07:55:26.972147,device_2_55,merchant_717,7,0,3392.0,0,0,0
2,830.89,2026-01-05T08:25:12.972147,device_2_55,merchant_717,8,0,1786.0,0,0,0
2,716.09,2026-01-05T08:47:13.972147,device_2_55,merchant_121,8,0,1321.0,0,0,0
3,342.64,2026-01-04T11:23:50.972147,device_3_1,merchant_977,11,0,1485.0,0,0,0
3,74.44,2026-01-04T11:31:59.972147,device_3_1,merchant_977,11,0,489.0,0,0,0
3,590.78,2026-01-04T12:11:34.972147,device_3_1,merchant_977,12,0,2375.0,0,0,0
3,1411.48,2026-01-04T12:39:22.972147,device_3_1,merchant_977,12,0,1668.0,0,0,0
3,492.45,2026-01-04T13:27:49.972147,device_3_1,merchant_977,13,0,2907.0,0,1,0
3,1874.67,2026-01-04T13:37:20.972147,device_3_1,merchant_977,13,0,571.0,0,0,0
3,1680.1,2026-01-04T14:33:35.972147,device_3_1,merchant_977,14,0,3375.0,0,0,0
3,278.94,2026-01-04T15:19:24.972147,device_3_1,merchant_977,15,0,2749.0,0,0,0
3,535.01,2026-01-04T16:00:03.972147,device_3_1,merchant_977,16,0,2439.0,0,0,0
3,565.8,2026-01-04T16:23:26.972147,device_3_1,merchant_977,16,0,1403.0,0,0,0
3,484.94,2026-01-04T16:31:15.972147,device_3_1,merchant_977,16,0,469.0,0,0,0
3,1867.1,2026-01-04T17:17:33.972147,device_3_51,merchant_977,17,0,2778.0,1,0,0
3,140.88,2026-01-04T17:48:10.972147,device_3_51,merchant_977,17,0,1837.0,0,0,0
3,1796.9,2026-01-04T18:03:11.972147,device_3_51,merchant_977,18,0,901.0,0,0,0
3,626.27,2026-01-04T18:54:23.972147,device_3_51,merchant_977,18,0,3072.0,0,0,0
3,786.09,2026-01-04T19:53:19.972147,device_3_51,merchant_977,19,0,3536.0,0,0,0
3,1915.92,2026-01-04T20:40:47.972147,device_3_51,merchant_977,20,0,2848.0,0,0,0
3,1711.55,2026-01-04T21:01:28.972147,device_3_51,merchant_977,21,0,1241.0,0,0,0
3,112.1,2026-01-04T21:38:21.972147,device_3_51,merchant_977,21,0,2213.0,0,0,0
3,1875.58,2026-01-04T22:01:18.972147,device_3_51,merchant_977,22,0,1377.0,0,0,0
3,1196.41,2026-01-04T22:20:12.972147,device_3_51,merchant_977,22,0,1134.0,0,0,0
3,1913.92,2026-01-04T23:01:56.972147,device_3_51,merchant_977,23,0,2504.0,0,0,0
3,1404.04,2026-01-04T23:37:46.972147,device_3_51,merchant_863,23,0,2150.0,0,1,0
3,357.55,2026-01-05T00:27:26.972147,device_3_51,merchant_444,0,1,2980.0,0,0,0
3,1882.5,2026-01-05T00:55:05.972147,device_3_51,merchant_516,0,1,1659.0,0,0,0
3,352.44,2026-01-05T01:47:02.972147,device_3_87,merchant_408,1,1,3117.0,1,0,0
3,1469.94,2026-01-05T02:33:15.972147,device_3_87,merchant_408,2,1,2773.0,0,0,0
3,1329.18,2026-01-05T02:54:47.972147,device_3_87,merchant_408,2,1,1292.0,0,0,0
3,1650.14,2026-01-05T03:53:59.972147,device_3_87,merchant_408,3,1,3552.0,0,1,0
3,497.71,2026-01-05T04:15:00.972147,device_3_87,merchant_915,4,1,1261.0,0,0,0
3,50.08,2026-01-05T04:35:06.972147,device_3_87,merchant_915,4,1,1206.0,0,0,0
3,444.41,2026-01-05T04:37:40.972147,device_3_22,merchant_915,4,1,154.0,1,0,0
3,884.5,2026-01-05T05:09:43.972147,device_3_22,merchant_915,5,0,1923.0,0,0,0
3,1875.03,2026-01-05T05:35:40.972147,device_3_22,merchant_108,5,0,1557.0,0,1,0
3,1253.33,2026-01-05T06:20:11.972147,device_3_22,merchant_108,6,0,2671.0,0,0,0
3,1000.37,2026-01-05T06:38:23.972147,device_3_22,merchant_441,6,0,1092.0,0,0,0
3,744.89,2026-01-05T06:55:08.972147,device_3_22,merchant_441,6,0,1005.0,0,0,0
3,830.88,2026-01-05T07:16:29.972147,device_3_100,merchant_441,7,0,1281.0,1,0,0
3,1970.22,2026-01-05T07:36:38.972147,device_3_30,merchant_441,7,0,1209.0,1,0,0
3,782.93,2026-01-05T08:23:45.972147,device_3_30,merchant_389,8,0,2827.0,0,0,0
4,464.5,2026-01-04T11:47:02.972147,device_4_1,merchant_4_1,11,0,2877.0,0,0,0
4,669.94,2026-01-04T12:45:24.972147,device_4_1,merchant_4_1,12,0,3502.0,0,0,0
4,210.43,2026-01-04T13:35:58.972147,device_4_1,merchant_4_1,13,0,3034.0,0,0,0
4,1763.07,2026-01-04T13:54:58.972147,device_4_1,merchant_4_1,13,0,1140.0,0,0,0
4,305.47,2026-01-04T14:07:55.972147,device_4_1,merchant_4_1,14,0,777.0,0,0,0
4,169.79,2026-01-04T14:47:25.972147,device_4_1,merchant_4_1,14,0,2370.0,0,0,0
4,354.83,2026-01-04T15:37:29.972147,device_4_1,merchant_4_1,15,0,3004.0,0,0,0
4,1253.03,2026-01-04T15:47:02.972147,device_4_1,merchant_4_1,15,0,573.0,0,0,0
4,1381.04,2026-01-04T15:58:06.972147,device_4_1,merchant_4_1,15,0,664.0,0,0,0
4,1224.81,2026-01-04T16:31:50.972147,device_4_1,merchant_4_1,16,0,2024.0,0,0,0
4,769.4,2026-01-04T16:44:17.972147,device_4_1,merchant_4_1,16,0,747.0,0,0,0
4,1605.44,2026-01-04T16:50:57.972147,device_4_1,merchant_4_1,16,0,400.0,0,0,0
4,1222.6,2026-01-04T17:37:12.972147,device_4_1,merchant_4_1,17,0,2775.0,0,0,0
4,71.72,2026-01-04T18:17:54.972147,device_4_1,merchant_4_1,18,0,2442.0,0,0,0
4,729.14,2026-01-04T19:14:59.972147,device_4_1,merchant_4_1,19,0,3425.0,0,0,0
4,218.99,2026-01-04T19:55:27.972147,device_4_1,merchant_4_1,19,0,2428.0,0,1,0
4,1192.12,2026-01-04T20:26:34.972147,device_4_1,merchant_149,20,0,1867.0,0,0,0
4,649.03,2026-01-04T21:23:00.972147,device_4_1,merchant_149,21,0,3386.0,0,0,0
4,323.53,2026-01-04T21:33:44.972147,device_4_1,merchant_355,21,0,644.0,0,0,0
4,732.58,2026-01-04T21:59:22.972147,device_4_82,merchant_355,21,0,1538.0,1,0,0
4,348.53,2026-01-04T22:39:18.972147,device_4_82,merchant_355,22,0,2396.0,0,0,0
4,352.68,2026-01-04T23:18:51.972147,device_4_82,merchant_355,23,0,2373.0,0,1,0
4,511.43,2026-01-05T00:09:52.972147,device_4_82,merchant_355,0,1,3061.0,0,0,0
4,189.69,2026-01-05T00:47:03.972147,device_4_82,merchant_355,0,1,2231.0,0,0,0
4,757.6,2026-01-05T00:51:24.972147,device_4_76,merchant_355,0,1,261.0,1,0,0
4,50.12,2026-01-05T01:27:54.972147,device_4_13,merchant_355,1,1,2190.0,1,0,0
4,169.39,2026-01-05T01:59:15.972147,device_4_13,merchant_355,1,1,1881.0,0,1,0
4,1974.9,2026-01-05T02:41:30.972147,device_4_13,merchant_355,2,1,2535.0,0,0,0
4,1471.37,2026-01-05T03:36:30.972147,device_4_13,merchant_355,3,1,3300.0,0,0,0
4,1551.2,2026-01-05T04:12:19.972147,device_4_13,merchant_355,4,1,2149.0,0,0,0
4,1145.24,2026-01-05T04:32:23.972147,device_4_13,merchant_355,4,1,1204.0,0,0,0
4,569.48,2026-01-05T05:26:01.972147,device_4_13,merchant_355,5,0,3218.0,0,0,0
4,828.33,2026-01-05T06:02:22.972147,device_4_13,merchant_355,6,0,2181.0,0,0,0
4,1701.47,2026-01-05T06:51:55.972147,device_4_13,merchant_728,6,0,2973.0,0,0,0
4,1630.44,2026-01-05T07:49:40.972147,device_4_89,merchant_730,7,0,3465.0,1,0,0
4,518.04,2026-01-05T08:33:17.972147,device_4_89,merchant_577,8,0,2617.0,0,0,0
4,1872.06,2026-01-05T08:44:38.972147,device_4_89,merchant_922,8,0,681.0,0,0,0
4,234.69,2026-01-05T08:50:43.972147,device_4_53,merchant_427,8,0,365.0,1,0,0
4,621.84,2026-01-05T09:17:42.972147,device_4_53,merchant_427,9,0,1619.0,0,0,0
4,756.63,2026-01-05T09:31:48.972147,device_4_46,merchant_427,9,0,846.0,1,0,0
5,1881.03,2026-01-04T11:43:31.972147,device_5_1,merchant_593,11,0,2666.0,0,0,0
5,110.15,2026-01-04T12:11:13.972147,device_5_1,merchant_593,12,0,1662.0,0,0,0
5,851.14,2026-01-04T12:32:46.972147,device_5_1,merchant_593,12,0,1293.0,0,0,0
5,687.49,2026-01-04T13:07:30.972147,device_5_1,merchant_276,13,0,2084.0,0,0,0
5,582.57,2026-01-04T13:30:30.972147,device_5_65,merchant_276,13,0,1380.0,1,0,0
5,1602.82,2026-01-04T13:44:49.972147,device_5_65,merchant_276,13,0,859.0,0,0,0
5,1013.38,2026-01-04T14:44:39.972147,device_5_65,merchant_616,14,0,3590.0,0,0,0
5,370.06,2026-01-04T15:31:40.972147,device_5_65,merchant_616,15,0,2821.0,0,0,0
5,1895.54,2026-01-04T15:32:04.972147,device_5_65,merchant_724,15,0,24.0,0,0,0
5,1645.23,2026-01-04T15:51:11.972147,device_5_65,merchant_724,15,0,1147.0,0,0,0
5,1654.05,2026-01-04T16:43:19.972147,device_5_65,merchant_724,16,0,3128.0,0,1,0
5,420.12,2026-01-04T17:37:49.972147,device_5_65,merchant_724,17,0,3270.0,0,0,0
5,1755.05,2026-01-04T17:58:09.972147,device_5_65,merchant_724,17,0,1220.0,0,1,0
5,977.51,2026-01-04T18:51:16.972147,device_5_93,merchant_724,18,0,3187.0,1,0,0
5,1130.06,2026-01-04T19:18:05.972147,device_5_93,merchant_724,19,0,1609.0,0,0,0
5,99.84,2026-01-04T19:41:38.972147,device_5_93,merchant_724,19,0,1413.0,0,0,0
5,1594.23,2026-01-04T20:06:44.972147,device_5_93,merchant_724,20,0,1506.0,0,0,0
5,1834.96,2026-01-04T20:40:48.972147,device_5_93,merchant_724,20,0,2044.0,0,0,0
5,1663.11,2026-01-04T20:43:38.972147,device_5_93,merchant_724,20,0,170.0,0,1,0
5,1467.36,2026-01-04T20:44:13.972147,device_5_74,merchant_724,20,0,35.0,1,0,0
5,1942.89,2026-01-04T20:46:43.972147,device_5_74,merchant_724,20,0,150.0,0,0,0
5,1313.56,2026-01-04T21:18:36.972147,device_5_74,merchant_724,21,0,1913.0,0,0,0
5,1240.59,2026-01-04T21:55:04.972147,device_5_74,merchant_724,21,0,2188.0,0,0,0
5,1838.08,2026-01-04T22:45:09.972147,device_5_74,merchant_724,22,0,3005.0,0,0,0
5,80.12,2026-01-04T23:16:18.972147,device_5_74,merchant_724,23,0,1869.0,0,0,0
5,1834.48,2026-01-04T23:57:57.972147,device_5_74,merchant_724,23,0,2499.0,0,0,0
5,580.01,2026-01-05T00:17:24.972147,device_5_74,merchant_724,0,1,1167.0,0,0,0
5,1655.73,2026-01-05T00:34:58.972147,device_5_100,merchant_724,0,1,1054.0,1,0,0
5,88.03,2026-01-05T01:27:31.972147,device_5_100,merchant_724,1,1,3153.0,0,0,0
5,1409.67,2026-01-05T02:05:55.972147,device_5_100,merchant_724,2,1,2304.0,0,0,0
5,1650.62,2026-01-05T02:55:12.972147,device_5_100,merchant_724,2,1,2957.0,0,0,0
5,552.59,2026-01-05T03:53:34.972147,device_5_100,merchant_710,3,1,3502.0,0,0,0
5,170.49,2026-01-05T04:43:48.972147,device_5_32,merchant_710,4,1,3014.0,1,0,0
5,992.23,2026-01-05T05:12:52.972147,device_5_32,merchant_317,5,0,1744.0,0,0,0
5,428.53,2026-01-05T05:49:59.972147,device_5_32,merchant_317,5,0,2227.0,0,0,0
5,602.78,2026-01-05T06:13:55.972147,device_5_32,merchant_317,6,0,1436.0,0,0,0
5,1587.37,2026-01-05T06:23:06.972147,device_5_93,merchant_684,6,0,551.0,1,0,0
5,1232.51,2026-01-05T07:09:50.972147,device_5_93,merchant_816,7,0,2804.0,0,0,0
5,1777.84,2026-01-05T07:10:51.972147,device_5_93,merchant_816,7,0,61.0,0,0,0
5,368.45,2026-01-05T08:06:13.972147,device_5_73,merchant_760,8,0,3322.0,1,0,0
6,814.56,2026-01-04T11:36:22.972147,device_6_1,merchant_6_1,11,0,2237.0,0,0,0
6,1083.44,2026-01-04T12:04:42.972147,device_6_1,merchant_6_1,12,0,1700.0,0,0,0
6,1470.67,2026-01-04T12:09:57.972147,device_6_1,merchant_6_1,12,0,315.0,0,0,0
6,1128.69,2026-01-04T12:29:49.972147,device_6_1,merchant_6_1,12,0,1192.0,0,0,0
6,457.56,2026-01-04T13:04:03.972147,device_6_1,merchant_6_1,13,0,2054.0,0,0,0
6,1070.49,2026-01-04T13:40:29.972147,device_6_1,merchant_6_1,13,0,2186.0,0,0,0
6,397.85,2026-01-04T14:36:53.972147,device_6_1,merchant_6_1,14,0,3384.0,0,0,0
6,417.25,2026-01-04T14:38:44.972147,device_6_1,merchant_289,14,0,111.0,0,0,0
6,1359.06,2026-01-04T15:26:18.972147,device_6_1,merchant_329,15,0,2854.0,0,0,0
6,526.01,2026-01-04T16:12:30.972147,device_6_1,merchant_329,16,0,2772.0,0,0,0
6,493.2,2026-01-04T16:33:24.972147,device_6_12,merchant_329,16,0,1254.0,1,0,0
6,1903.27,2026-01-04T17:02:37.972147,device_6_12,merchant_329,17,0,1753.0,0,1,0
6,1859.77,2026-01-04T17:35:33.972147,device_6_12,merchant_329,17,0,1976.0,0,0,0
6,755.55,2026-01-04T18:30:31.972147,device_6_12,merchant_329,18,0,3298.0,0,0,0
6,90.18,2026-01-04T18:48:15.972147,device_6_12,merchant_329,18,0,1064.0,0,1,0
6,725.89,2026-01-04T19:37:34.972147,device_6_12,merchant_329,19,0,2959.0,0,0,0
6,1874.82,2026-01-04T20:31:06.972147,device_6_12,merchant_329,20,0,3212.0,0,0,0
6,712.13,2026-01-04T20:56:42.972147,device_6_12,merchant_329,20,0,1536.0,0,0,0
6,1797.04,2026-01-04T20:57:14.972147,device_6_12,merchant_672,20,0,32.0,0,0,0
6,300.94,2026-01-04T21:34:54.972147,device_6_12,merchant_672,21,0,2260.0,0,0,0
6,523.09,2026-01-04T21:57:06.972147,device_6_12,merchant_672,21,0,1332.0,0,0,0
6,1737.22,2026-01-04T22:41:16.972147,device_6_12,merchant_672,22,0,2650.0,0,0,0
6,1414.08,2026-01-04T23:32:24.972147,device_6_12,merchant_672,23,0,3068.0,0,0,0
6,700.13,2026-01-04T23:39:31.972147,device_6_12,merchant_672,23,0,427.0,0,0,0
6,1144.81,2026-01-05T00:05:44.972147,device_6_12,merchant_672,0,1,1573.0,0,1,0
6,1345.05,2026-01-05T00:54:16.972147,device_6_12,merchant_672,0,1,2912.0,0,0,0
6,61.17,2026-01-05T01:26:10.972147,device_6_12,merchant_743,1,1,1914.0,0,0,0
6,526.85,2026-01-05T01:47:04.972147,device_6_11,merchant_802,1,1,1254.0,1,0,0
6,97.08,2026-01-05T02:03:00.972147,device_6_11,merchant_802,2,1,956.0,0,0,0
6,1157.95,2026-01-05T02:39:34.972147,device_6_11,merchant_201,2,1,2194.0,0,0,0
6,1200.98,2026-01-05T02:54:03.972147,device_6_11,merchant_201,2,1,869.0,0,0,0
6,522.31,2026-01-05T03:44:00.972147,device_6_11,merchant_201,3,1,2997.0,0,0,0
6,1572.94,2026-01-05T04:13:50.972147,device_6_61,merchant_201,4,1,1790.0,1,1,0
6,991.81,2026-01-05T04:22:45.972147,device_6_61,merchant_201,4,1,535.0,0,0,0
6,249.87,2026-01-05T04:59:00.972147,device_6_15,merchant_201,4,1,2175.0,1,0,0
6,1125.88,2026-01-05T05:20:13.972147,device_6_15,merchant_201,5,0,1273.0,0,0,0
6,1848.79,2026-01-05T06:07:38.972147,device_6_18,merchant_201,6,0,2845.0,1,0,0
6,227.48,2026-01-05T06:28:00.972147,device_6_30,merchant_201,6,0,1222.0,1,0,0
6,1384.88,2026-01-05T07:10:10.972147,device_6_80,merchant_201,7,0,2530.0,1,0,0
6,787.88,2026-01-05T07:56:52.972147,device_6_80,merchant_201,7,0,2802.0,0,0,0
7,1352.1,2026-01-04T11:05:39.972147,device_7_1,merchant_501,11,0,394.0,0,0,0
7,1441.84,2026-01-04T12:04:39.972147,device_7_1,merchant_501,12,0,3540.0,0,0,0
7,1663.14,2026-01-04T12:52:05.972147,device_7_1,merchant_501,12,0,2846.0,0,0,0
7,140.67,2026-01-04T13:28:00.972147,device_7_1,merchant_501,13,0,2155.0,0,1,0
7,52.31,2026-01-04T14:21:48.972147,device_7_1,merchant_501,14,0,3228.0,0,0,0
7,653.03,2026-01-04T14:38:19.972147,device_7_1,merchant_501,14,0,991.0,0,0,0
7,1456.51,2026-01-04T15:14:12.972147,device_7_1,merchant_501,15,0,2153.0,0,0,0
7,1162.94,2026-01-04T15:59:04.972147,device_7_1,merchant_501,15,0,2692.0,0,0,0
7,1855.44,2026-01-04T16:09:56.972147,device_7_1,merchant_501,16,0,652.0,0,1,0
7,1606.73,2026-01-04T16:44:38.972147,device_7_1,merchant_501,16,0,2082.0,0,0,0
7,972.13,2026-01-04T17:19:38.972147,device_7_1,merchant_501,17,0,2100.0,0,0,0
7,1938.62,2026-01-04T17:56:54.972147,device_7_1,merchant_501,17,0,2236.0,0,1,0
7,59.8,2026-01-04T18:23:23.972147,device_7_1,merchant_501,18,0,1589.0,0,0,0
7,640.1,2026-01-04T18:27:29.972147,device_7_1,merchant_501,18,0,246.0,0,0,0
7,1388.47,2026-01-04T18:53:42.972147,device_7_1,merchant_501,18,0,1573.0,0,0,0
7,1776.31,2026-01-04T19:22:23.972147,device_7_1,merchant_501,19,0,1721.0,0,0,0
7,1391.4,2026-01-04T19:53:43.972147,device_7_1,merchant_501,19,0,1880.0,0,0,0
7,549.41,2026-01-04T19:55:54.972147,device_7_1,merchant_501,19,0,131.0,0,0,0
7,1659.05,2026-01-04T20:36:03.972147,device_7_1,merchant_114,20,0,2409.0,0,0,0
7,986.52,2026-01-04T21:07:57.972147,device_7_1,merchant_114,21,0,1914.0,0,0,0
7,1878.47,2026-01-04T21:22:24.972147,device_7_1,merchant_114,21,0,867.0,0,0,0
7,946.9,2026-01-04T22:14:50.972147,device_7_1,merchant_616,22,0,3146.0,0,0,0
7,211.86,2026-01-04T22:30:19.972147,device_7_1,merchant_616,22,0,929.0,0,0,0
7,1115.68,2026-01-04T23:13:14.972147,device_7_1,merchant_616,23,0,2575.0,0,0,0
7,1913.2,2026-01-04T23:44:42.972147,device_7_1,merchant_662,23,0,1888.0,0,0,0
7,1703.96,2026-01-05T00:25:34.972147,device_7_7,merchant_662,0,1,2452.0,1,0,0
7,589.08,2026-01-05T00:42:30.972147,device_7_7,merchant_662,0,1,1016.0,0,0,0
7,93.64,2026-01-05T01:28:25.972147,device_7_7,merchant_662,1,1,2755.0,0,0,0
7,1255.4,2026-01-05T02:10:51.972147,device_7_7,merchant_456,2,1,2546.0,0,0,0
7,1452.59,2026-01-05T02:51:45.972147,device_7_7,merchant_325,2,1,2454.0,0,0,0
7,669.96,2026-01-05T03:05:35.972147,device_7_7,merchant_325,3,1,830.0,0,0,0
7,974.7,2026-01-05T03:31:25.972147,device_7_7,merchant_485,3,1,1550.0,0,0,0
7,1300.21,2026-01-05T04:27:20.972147,device_7_7,merchant_485,4,1,3355.0,0,0,0
7,659.22,2026-01-05T04:31:34.972147,device_7_7,merchant_485,4,1,254.0,0,0,0
7,1066.78,2026-01-05T05:13:47.972147,device_7_7,merchant_485,5,0,2533.0,0,0,0
7,1325.98,2026-01-05T06:09:38.972147,device_7_7,merchant_485,6,0,3351.0,0,1,0
7,969.85,2026-01-05T06:18:57.972147,device_7_7,merchant_485,6,0,559.0,0,0,0
7,337.36,2026-01-05T07:01:22.972147,device_7_7,merchant_485,7,0,2545.0,0,0,0
7,80.55,2026-01-05T07:23:53.972147,device_7_7,merchant_485,7,0,1351.0,0,0,0
7,1386.67,2026-01-05T08:09:53.972147,device_7_7,merchant_485,8,0,2760.0,0,1,0
8,599.55,2026-01-04T11:39:11.972147,device_8_1,merchant_162,11,0,2406.0,0,0,0
8,742.96,2026-01-04T12:32:20.972147,device_8_1,merchant_117,12,0,3189.0,0,0,0
8,900.08,2026-01-04T13:29:19.972147,device_8_1,merchant_841,13,0,3419.0,0,0,0
8,1138.81,2026-01-04T14:11:17.972147,device_8_1,merchant_841,14,0,2518.0,0,0,0
8,161.93,2026-01-04T15:05:15.972147,device_8_1,merchant_841,15,0,3238.0,0,0,0
8,351.74,2026-01-04T15:11:36.972147,device_8_1,merchant_841,15,0,381.0,0,0,0
8,1442.63,2026-01-04T16:01:41.972147,device_8_3,merchant_990,16,0,3005.0,1,0,0
8,1000.7,2026-01-04T16:25:30.972147,device_8_3,merchant_699,16,0,1429.0,0,0,0
8,1372.59,2026-01-04T17:19:40.972147,device_8_3,merchant_699,17,0,3250.0,0,0,0
8,1449.74,2026-01-04T17:36:08.972147,device_8_3,merchant_699,17,0,988.0,0,0,0
8,330.65,2026-01-04T17:52:31.972147,device_8_3,merchant_699,17,0,983.0,0,0,0
8,1207.34,2026-01-04T18:49:50.972147,device_8_3,merchant_699,18,0,3439.0,0,1,0
8,1019.77,2026-01-04T19:47:01.972147,device_8_68,merchant_699,19,0,3431.0,1,0,0
8,647.24,2026-01-04T20:15:13.972147,device_8_68,merchant_699,20,0,1692.0,0,0,0
8,616.1,2026-01-04T20:59:35.972147,device_8_68,merchant_699,20,0,2662.0,0,0,0
8,1569.12,2026-01-04T21:47:58.972147,device_8_68,merchant_869,21,0,2903.0,0,0,0
8,1475.41,2026-01-04T22:35:25.972147,device_8_68,merchant_869,22,0,2847.0,0,0,0
8,1191.9,2026-01-04T23:09:14.972147,device_8_68,merchant_869,23,0,2029.0,0,0,0
8,1619.9,2026-01-04T23:42:39.972147,device_8_68,merchant_869,23,0,2005.0,0,0,0
8,880.59,2026-01-05T00:37:01.972147,device_8_31,merchant_580,0,1,3262.0,1,0,0
8,1576.56,2026-01-05T01:22:45.972147,device_8_31,merchant_580,1,1,2744.0,0,0,0
8,111.59,2026-01-05T01:47:28.972147,device_8_31,merchant_580,1,1,1483.0,0,0,0
8,1631.56,2026-01-05T01:57:58.972147,device_8_31,merchant_290,1,1,630.0,0,0,0
8,549.83,2026-01-05T02:45:09.972147,device_8_71,merchant_290,2,1,2831.0,1,0,0
8,238.78,2026-01-05T03:22:07.972147,device_8_71,merchant_584,3,1,2218.0,0,0,0
8,1205.81,2026-01-05T03:27:56.972147,device_8_71,merchant_584,3,1,349.0,0,0,0
8,277.17,2026-01-05T04:16:09.972147,device_8_71,merchant_584,4,1,2893.0,0,0,0
8,224.16,2026-01-05T04:26:45.972147,device_8_71,merchant_584,4,1,636.0,0,0,0
8,1387.19,2026-01-05T04:39:21.972147,device_8_71,merchant_584,4,1,756.0,0,0,0
8,798.41,2026-01-05T05:24:21.972147,device_8_86,merchant_584,5,0,2700.0,1,0,0
8,294.42,2026-01-05T06:03:42.972147,device_8_6,merchant_584,6,0,2361.0,1,0,0
8,1772.65,2026-01-05T06:59:33.972147,device_8_6,merchant_584,6,0,3351.0,0,0,0
8,653.07,2026-01-05T07:19:53.972147,device_8_6,merchant_584,7,0,1220.0,0,0,0
8,322.14,2026-01-05T08:08:14.972147,device_8_6,merchant_233,8,0,2901.0,0,0,0
8,907.46,2026-01-05T08:58:56.972147,device_8_6,merchant_233,8,0,3042.0,0,0,0
8,1061.11,2026-01-05T09:28:25.972147,device_8_6,merchant_233,9,0,1769.0,0,0,0
8,1649.92,2026-01-05T09:31:15.972147,device_8_6,merchant_233,9,0,170.0,0,0,0
8,858.2,2026-01-05T10:20:39.972147,device_8_86,merchant_233,10,0,2964.0,1,0,0
8,355.86,2026-01-05T10:51:27.972147,device_8_86,merchant_571,10,0,1848.0,0,0,0
8,232.83,2026-01-05T11:45:27.972147,device_8_86,merchant_571,11,0,3240.0,0,0,0
9,1911.37,2026-01-04T11:39:19.972147,device_9_1,merchant_9_1,11,0,2414.0,0,0,0
9,296.33,2026-01-04T12:28:31.972147,device_9_1,merchant_9_1,12,0,2952.0,0,0,0
9,1275.0,2026-01-04T12:41:43.972147,device_9_1,merchant_9_1,12,0,792.0,0,0,0
9,135.8,2026-01-04T13:07:11.972147,device_9_1,merchant_9_1,13,0,1528.0,0,0,0
9,623.81,2026-01-04T14:06:32.972147,device_9_1,merchant_9_1,14,0,3561.0,0,0,0
9,309.92,2026-01-04T14:13:45.972147,device_9_1,merchant_396,14,0,433.0,0,0,0
9,855.36,2026-01-04T15:06:04.972147,device_9_1,merchant_641,15,0,3139.0,0,0,0
9,1520.88,2026-01-04T15:46:16.972147,device_9_1,merchant_641,15,0,2412.0,0,0,0
9,1855.39,2026-01-04T16:28:33.972147,device_9_1,merchant_641,16,0,2537.0,0,0,0
9,746.6,2026-01-04T16:31:32.972147,device_9_1,merchant_641,16,0,179.0,0,0,0
9,779.36,2026-01-04T17:07:54.972147,device_9_1,merchant_641,17,0,2182.0,0,0,0
9,1523.18,2026-01-04T17:44:58.972147,device_9_1,merchant_641,17,0,2224.0,0,0,0
9,1838.95,2026-01-04T17:53:53.972147,device_9_1,merchant_641,17,0,535.0,0,0,0
9,1685.81,2026-01-04T18:05:20.972147,device_9_1,merchant_641,18,0,687.0,0,1,0
9,1987.04,2026-01-04T18:34:07.972147,device_9_1,merchant_699,18,0,1727.0,0,0,0
9,1300.75,2026-01-04T19:11:28.972147,device_9_1,merchant_699,19,0,2241.0,0,0,0
9,670.05,2026-01-04T20:03:13.972147,device_9_1,merchant_699,20,0,3105.0,0,0,0
9,1506.06,2026-01-04T20:04:56.972147,device_9_1,merchant_699,20,0,103.0,0,0,0
9,1909.79,2026-01-04T20:36:53.972147,device_9_1,merchant_848,20,0,1917.0,0,0,0
9,1275.67,2026-01-04T21:24:24.972147,device_9_1,merchant_848,21,0,2851.0,0,0,0
9,1911.94,2026-01-04T22:08:07.972147,device_9_2,merchant_848,22,0,2623.0,1,0,0
9,1375.79,2026-01-04T22:29:23.972147,device_9_2,merchant_353,22,0,1276.0,0,0,0
9,1082.98,2026-01-04T22:56:43.972147,device_9_2,merchant_353,22,0,1640.0,0,1,0
9,1710.23,2026-01-04T23:47:14.972147,device_9_2,merchant_353,23,0,3031.0,0,0,0
9,1354.43,2026-01-05T00:28:05.972147,device_9_2,merchant_353,0,1,2451.0,0,0,0
9,865.18,2026-01-05T01:02:13.972147,device_9_2,merchant_353,1,1,2048.0,0,0,0
9,1829.76,2026-01-05T01:14:23.972147,device_9_2,merchant_353,1,1,730.0,0,0,0
9,444.43,2026-01-05T01:56:45.972147,device_9_2,merchant_353,1,1,2542.0,0,0,0
9,1161.23,2026-01-05T02:09:01.972147,device_9_2,merchant_353,2,1,736.0,0,0,0
9,701.76,2026-01-05T02:16:24.972147,device_9_2,merchant_353,2,1,443.0,0,0,0
9,1420.13,2026-01-05T03:00:56.972147,device_9_27,merchant_713,3,1,2672.0,1,0,0
9,1742.67,2026-01-05T04:00:25.972147,device_9_27,merchant_713,4,1,3569.0,0,0,0
9,1161.29,2026-01-05T04:12:40.972147,device_9_27,merchant_713,4,1,735.0,0,0,0
9,571.72,2026-01-05T04:15:12.972147,device_9_27,merchant_713,4,1,152.0,0,0,0
9,671.41,2026-01-05T04:33:20.972147,device_9_27,merchant_713,4,1,1088.0,0,0,0
9,390.53,2026-01-05T04:38:47.972147,device_9_27,merchant_310,4,1,327.0,0,0,0
9,1241.53,2026-01-05T04:44:30.972147,device_9_27,merchant_310,4,1,343.0,0,0,0
9,863.25,2026-01-05T05:32:30.972147,device_9_44,merchant_310,5,0,2880.0,1,0,0
9,387.34,2026-01-05T05:53:11.972147,device_9_74,merchant_310,5,0,1241.0,1,0,0
9,1697.82,2026-01-05T06:01:05.972147,device_9_74,merchant_310,6,0,474.0,0,0,0
10,1807.82,2026-01-04T11:39:03.972147,device_10_1,merchant_242,11,0,2398.0,0,0,0
10,422.22,2026-01-04T12:17:33.972147,device_10_1,merchant_242,12,0,2310.0,0,0,0
10,1016.81,2026-01-04T12:30:15.972147,device_10_1,merchant_242,12,0,762.0,0,0,0
10,273.67,2026-01-04T12:57:41.972147,device_10_1,merchant_242,12,0,1646.0,0,0,0
10,261.66,2026-01-04T13:49:30.972147,device_10_1,merchant_242,13,0,3109.0,0,0,0
10,1318.85,2026-01-04T13:50:39.972147,device_10_1,merchant_242,13,0,69.0,0,0,0
10,919.28,2026-01-04T14:45:22.972147,device_10_1,merchant_242,14,0,3283.0,0,0,0
10,342.93,2026-01-04T15:09:00.972147,device_10_29,merchant_242,15,0,1418.0,1,0,0
10,1430.52,2026-01-04T15:21:36.972147,device_10_29,merchant_242,15,0,756.0,0,1,0
10,1874.04,2026-01-04T15:22:51.972147,device_10_29,merchant_242,15,0,75.0,0,0,0
10,1158.69,2026-01-04T15:23:38.972147,device_10_29,merchant_242,15,0,47.0,0,0,0
10,1488.02,2026-01-04T16:06:24.972147,device_10_29,merchant_242,16,0,2566.0,0,0,0
10,627.24,2026-01-04T16:19:32.972147,device_10_29,merchant_242,16,0,788.0,0,0,0
10,1852.1,2026-01-04T16:57:25.972147,device_10_29,merchant_242,16,0,2273.0,0,0,0
10,1656.08,2026-01-04T17:22:50.972147,device_10_29,merchant_242,17,0,1525.0,0,0,0
10,618.61,2026-01-04T17:28:50.972147,device_10_29,merchant_242,17,0,360.0,0,0,0
10,593.64,2026-01-04T17:58:55.972147,device_10_29,merchant_242,17,0,1805.0,0,0,0
10,317.17,2026-01-04T18:34:49.972147,device_10_29,merchant_242,18,0,2154.0,0,0,0
10,1353.77,2026-01-04T19:33:43.972147,device_10_29,merchant_242,19,0,3534.0,0,0,0
10,57.83,2026-01-04T20:23:15.972147,device_10_29,merchant_242,20,0,2972.0,0,0,0
10,647.6,2026-01-04T20:57:45.972147,device_10_29,merchant_242,20,0,2070.0,0,0,0
10,1653.15,2026-01-04T21:01:06.972147,device_10_29,merchant_242,21,0,201.0,0,0,0
10,267.07,2026-01-04T21:49:32.972147,device_10_29,merchant_242,21,0,2906.0,0,1,0
10,824.52,2026-01-04T22:37:28.972147,device_10_40,merchant_242,22,0,2876.0,1,0,0
10,174.95,2026-01-04T22:43:30.972147,device_10_40,merchant_242,22,0,362.0,0,0,0
10,1710.8,2026-01-04T23:07:23.972147,device_10_40,merchant_242,23,0,1433.0,0,0,0
10,847.88,2026-01-04T23:16:09.972147,device_10_55,merchant_590,23,0,526.0,1,1,0
10,539.28,2026-01-04T23:19:22.972147,device_10_55,merchant_450,23,0,193.0,0,0,0
10,657.43,2026-01-05T00:08:40.972147,device_10_55,merchant_822,0,1,2958.0,0,0,0
10,496.63,2026-01-05T00:57:22.972147,device_10_55,merchant_822,0,1,2922.0,0,0,0
10,1065.5,2026-01-05T01:28:10.972147,device_10_55,merchant_822,1,1,1848.0,0,0,0
10,1287.93,2026-01-05T02:26:03.972147,device_10_55,merchant_822,2,1,3473.0,0,1,0
10,1382.22,2026-01-05T02:51:35.972147,device_10_55,merchant_703,2,1,1532.0,0,0,0
10,441.38,2026-01-05T03:19:26.972147,device_10_55,merchant_703,3,1,1671.0,0,0,0
10,848.4,2026-01-05T03:45:38.972147,device_10_55,merchant_703,3,1,1572.0,0,0,0
10,542.91,2026-01-05T04:12:46.972147,device_10_55,merchant_703,4,1,1628.0,0,0,0
10,1610.81,2026-01-05T04:51:52.972147,device_10_55,merchant_703,4,1,2346.0,0,0,0
10,1832.9,2026-01-05T05:15:51.972147,device_10_69,merchant_563,5,0,1439.0,1,0,0
10,1464.02,2026-01-05T05:22:04.972147,device_10_69,merchant_563,5,0,373.0,0,0,0
10,1894.54,2026-01-05T05:38:47.972147,device_10_69,merchant_563,5,0,1003.0,0,0,0
11,742.32,2026-01-04T11:25:28.972147,device_11_1,merchant_159,11,0,1583.0,0,0,0
11,71.11,2026-01-04T12:13:36.972147,device_11_1,merchant_159,12,0,2888.0,0,0,0
11,1094.7,2026-01-04T12:54:27.972147,device_11_1,merchant_159,12,0,2451.0,0,0,0
11,1024.41,2026-01-04T13:22:36.972147,device_11_1,merchant_159,13,0,1689.0,0,0,0
11,446.41,2026-01-04T13:39:46.972147,device_11_1,merchant_921,13,0,1030.0,0,0,0
11,1416.68,2026-01-04T14:18:47.972147,device_11_1,merchant_921,14,0,2341.0,0,0,0
11,248.75,2026-01-04T14:21:17.972147,device_11_1,merchant_921,14,0,150.0,0,0,0
11,1681.65,2026-01-04T15:04:42.972147,device_11_1,merchant_943,15,0,2605.0,0,1,0
11,338.21,2026-01-04T15:22:32.972147,device_11_1,merchant_943,15,0,1070.0,0,0,0
11,1933.54,2026-01-04T15:24:05.972147,device_11_1,merchant_943,15,0,93.0,0,0,0
11,1641.71,2026-01-04T15:56:28.972147,device_11_1,merchant_943,15,0,1943.0,0,0,0
11,1111.64,2026-01-04T16:20:04.972147,device_11_1,merchant_384,16,0,1416.0,0,0,0
11,844.52,2026-01-04T17:02:07.972147,device_11_1,merchant_384,17,0,2523.0,0,0,0
11,1321.2,2026-01-04T17:18:22.972147,device_11_1,merchant_848,17,0,975.0,0,0,0
11,568.84,2026-01-04T17:57:37.972147,device_11_1,merchant_848,17,0,2355.0,0,1,0
11,392.71,2026-01-04T18:01:57.972147,device_11_1,merchant_848,18,0,260.0,0,0,0
11,562.68,2026-01-04T18:49:13.972147,device_11_1,merchant_848,18,0,2836.0,0,1,0
11,1381.25,2026-01-04T18:52:52.972147,device_11_1,merchant_848,18,0,219.0,0,0,0
11,572.74,2026-01-04T19:22:39.972147,device_11_1,merchant_848,19,0,1787.0,0,0,0
11,1859.14,2026-01-04T19:54:17.972147,device_11_1,merchant_848,19,0,1898.0,0,0,0
11,446.52,2026-01-04T20:21:36.972147,device_11_1,merchant_848,20,0,1639.0,0,0,0
11,1016.25,2026-01-04T20:38:14.972147,device_11_1,merchant_848,20,0,998.0,0,0,0
11,647.03,2026-01-04T21:34:24.972147,device_11_1,merchant_848,21,0,3370.0,0,0,0
11,734.88,2026-01-04T22:00:07.972147,device_11_1,merchant_848,22,0,1543.0,0,0,0
11,355.53,2026-01-04T22:24:49.972147,device_11_1,merchant_848,22,0,1482.0,0,1,0
11,732.79,2026-01-04T23:20:56.972147,device_11_1,merchant_848,23,0,3367.0,0,0,0
11,884.79,2026-01-04T23:48:59.972147,device_11_100,merchant_848,23,0,1683.0,1,0,0
11,631.98,2026-01-05T00:05:08.972147,device_11_100,merchant_371,0,1,969.0,0,1,0
11,110.83,2026-01-05T00:34:18.972147,device_11_100,merchant_869,0,1,1750.0,0,0,0
11,1635.1,2026-01-05T01:07:05.972147,device_11_100,merchant_869,1,1,1967.0,0,0,0
11,1788.14,2026-01-05T01:21:56.972147,device_11_100,merchant_869,1,1,891.0,0,0,0
11,1722.95,2026-01-05T02:00:46.972147,device_11_100,merchant_164,2,1,2330.0,0,0,0
11,508.22,2026-01-05T02:57:01.972147,device_11_100,merchant_164,2,1,3375.0,0,0,0
11,1949.89,2026-01-05T03:40:17.972147,device_11_7,merchant_164,3,1,2596.0,1,1,0
11,1980.11,2026-01-05T03:59:04.972147,device_11_7,merchant_164,3,1,1127.0,0,0,0
11,1110.13,2026-01-05T04:36:44.972147,device_11_7,merchant_164,4,1,2260.0,0,0,0
11,1332.38,2026-01-05T04:56:34.972147,device_11_7,merchant_164,4,1,1190.0,0,0,0
11,476.76,2026-01-05T04:59:26.972147,device_11_7,merchant_164,4,1,172.0,0,0,0
11,1867.28,2026-01-05T05:28:07.972147,device_11_7,merchant_164,5,0,1721.0,0,0,0
11,214.61,2026-01-05T05:44:06.972147,device_11_7,merchant_164,5,0,959.0,0,0,0
12,1898.92,2026-01-04T11:40:54.972147,device_12_76,merchant_426,11,0,2509.0,1,0,0
12,1050.69,2026-01-04T12:11:33.972147,device_12_76,merchant_426,12,0,1839.0,0,0,0
12,984.34,2026-01-04T12:46:31.972147,device_12_76,merchant_533,12,0,2098.0,0,0,0
12,121.7,2026-01-04T13:05:48.972147,device_12_76,merchant_533,13,0,1157.0,0,1,0
12,200.19,2026-01-04T13:11:45.972147,device_12_76,merchant_533,13,0,357.0,0,0,0
12,1946.87,2026-01-04T14:05:43.972147,device_12_76,merchant_640,14,0,3238.0,0,0,0
12,476.21,2026-01-04T15:01:47.972147,device_12_76,merchant_640,15,0,3364.0,0,0,0
12,1672.35,2026-01-04T15:34:13.972147,device_12_76,merchant_877,15,0,1946.0,0,0,0
12,1303.0,2026-01-04T15:58:20.972147,device_12_76,merchant_877,15,0,1447.0,0,0,0
12,996.49,2026-01-04T16:47:06.972147,device_12_76,merchant_877,16,0,2926.0,0,0,0
12,144.14,2026-01-04T17:35:25.972147,device_12_88,merchant_877,17,0,2899.0,1,0,0
12,1867.36,2026-01-04T17:48:59.972147,device_12_88,merchant_877,17,0,814.0,0,0,0
12,1523.09,2026-01-04T18:13:01.972147,device_12_88,merchant_877,18,0,1442.0,0,0,0
12,273.78,2026-01-04T19:02:28.972147,device_12_88,merchant_877,19,0,2967.0,0,0,0
12,764.38,2026-01-04T19:04:09.972147,device_12_88,merchant_877,19,0,101.0,0,0,0
12,896.9,2026-01-04T19:20:27.972147,device_12_88,merchant_877,19,0,978.0,0,0,0
12,577.87,2026-01-04T20:11:49.972147,device_12_88,merchant_357,20,0,3082.0,0,0,0
12,384.73,2026-01-04T20:17:39.972147,device_12_88,merchant_313,20,0,350.0,0,0,0
12,1739.66,2026-01-04T20:45:30.972147,device_12_88,merchant_313,20,0,1671.0,0,0,0
12,217.7,2026-01-04T21:02:33.972147,device_12_88,merchant_770,21,0,1023.0,0,0,0
12,644.34,2026-01-04T21:32:59.972147,device_12_88,merchant_770,21,0,1826.0,0,0,0
12,112.94,2026-01-04T21:53:55.972147,device_12_88,merchant_770,21,0,1256.0,0,0,0
12,765.43,2026-01-04T21:57:50.972147,device_12_88,merchant_770,21,0,235.0,0,0,0
12,94.66,2026-01-04T22:37:24.972147,device_12_88,merchant_822,22,0,2374.0,0,0,0
12,1884.61,2026-01-04T23:18:37.972147,device_12_88,merchant_822,23,0,2473.0,0,0,0
12,1773.25,2026-01-04T23:39:02.972147,device_12_88,merchant_822,23,0,1225.0,0,0,0
12,935.47,2026-01-05T00:16:25.972147,device_12_88,merchant_822,0,1,2243.0,0,0,0
12,420.43,2026-01-05T00:56:18.972147,device_12_88,merchant_252,0,1,2393.0,0,0,0
12,938.93,2026-01-05T01:14:18.972147,device_12_88,merchant_252,1,1,1080.0,0,1,0
12,778.26,2026-01-05T01:20:21.972147,device_12_88,merchant_252,1,1,363.0,0,0,0
12,121.31,2026-01-05T02:14:34.972147,device_12_88,merchant_252,2,1,3253.0,0,0,0
12,1944.0,2026-01-05T02:16:50.972147,device_12_88,merchant_252,2,1,136.0,0,0,0
12,1179.89,2026-01-05T02:21:19.972147,device_12_88,merchant_252,2,1,269.0,0,0,0
12,492.96,2026-01-05T02:33:02.972147,device_12_88,merchant_823,2,1,703.0,0,0,0
12,876.21,2026-01-05T03:26:36.972147,device_12_88,merchant_823,3,1,3214.0,0,0,0
12,1722.87,2026-01-05T04:11:50.972147,device_12_3,merchant_823,4,1,2714.0,1,0,0
12,1877.61,2026-01-05T04:28:34.972147,device_12_3,merchant_823,4,1,1004.0,0,0,0
12,586.49,2026-01-05T05:06:21.972147,device_12_3,merchant_823,5,0,2267.0,0,0,0
12,1835.22,2026-01-05T05:22:58.972147,device_12_15,merchant_640,5,0,997.0,1,1,0
12,433.0,2026-01-05T05:55:35.972147,device_12_15,merchant_640,5,0,1957.0,0,0,0
13,1300.45,2026-01-04T11:43:00.972147,device_13_1,merchant_595,11,0,2635.0,0,0,0
13,894.76,2026-01-04T11:59:57.972147,device_13_13,merchant_595,11,0,1017.0,1,0,0
13,1053.18,2026-01-04T12:23:26.972147,device_13_13,merchant_595,12,0,1409.0,0,0,0
13,915.9,2026-01-04T12:41:00.972147,device_13_13,merchant_595,12,0,1054.0,0,0,0
13,478.71,2026-01-04T13:39:04.972147,device_13_13,merchant_580,13,0,3484.0,0,0,0
13,192.7,2026-01-04T13:58:11.972147,device_13_13,merchant_580,13,0,1147.0,0,0,0
13,1483.54,2026-01-04T14:30:09.972147,device_13_13,merchant_580,14,0,1918.0,0,0,0
13,661.38,2026-01-04T15:27:27.972147,device_13_13,merchant_322,15,0,3438.0,0,0,0
13,1407.45,2026-01-04T16:16:02.972147,device_13_13,merchant_322,16,0,2915.0,0,0,0
13,1904.33,2026-01-04T16:21:26.972147,device_13_13,merchant_322,16,0,324.0,0,1,0
13,1852.73,2026-01-04T16:58:06.972147,device_13_13,merchant_322,16,0,2200.0,0,0,0
13,1517.25,2026-01-04T17:51:53.972147,device_13_100,merchant_322,17,0,3227.0,1,0,0
13,460.93,2026-01-04T18:46:03.972147,device_13_100,merchant_322,18,0,3250.0,0,0,0
13,1927.97,2026-01-04T19:26:14.972147,device_13_100,merchant_322,19,0,2411.0,0,0,0
13,256.6,2026-01-04T19:38:52.972147,device_13_100,merchant_322,19,0,758.0,0,1,0
13,474.05,2026-01-04T19:45:30.972147,device_13_100,merchant_355,19,0,398.0,0,0,0
13,1685.89,2026-01-04T19:58:59.972147,device_13_100,merchant_395,19,0,809.0,0,0,0
13,569.7,2026-01-04T20:46:24.972147,device_13_100,merchant_676,20,0,2845.0,0,0,0
13,1078.75,2026-01-04T21:31:48.972147,device_13_100,merchant_676,21,0,2724.0,0,0,0
13,499.22,2026-01-04T21:50:32.972147,device_13_100,merchant_676,21,0,1124.0,0,0,0
13,918.72,2026-01-04T22:20:29.972147,device_13_100,merchant_676,22,0,1797.0,0,0,0
13,1884.74,2026-01-04T22:49:49.972147,device_13_100,merchant_676,22,0,1760.0,0,0,0
13,1867.06,2026-01-04T22:55:44.972147,device_13_100,merchant_681,22,0,355.0,0,0,0
13,1116.23,2026-01-04T23:14:08.972147,device_13_100,merchant_681,23,0,1104.0,0,0,0
13,1389.63,2026-01-04T23:59:17.972147,device_13_14,merchant_681,23,0,2709.0,1,0,0
13,109.74,2026-01-04T23:59:29.972147,device_13_14,merchant_681,23,0,12.0,0,0,0
13,144.81,2026-01-05T00:19:09.972147,device_13_14,merchant_681,0,1,1180.0,0,0,0
13,1295.75,2026-01-05T00:24:15.972147,device_13_14,merchant_681,0,1,306.0,0,0,0
13,59.65,2026-01-05T00:25:57.972147,device_13_14,merchant_456,0,1,102.0,0,0,0
13,1963.98,2026-01-05T00:49:29.972147,device_13_14,merchant_456,0,1,1412.0,0,0,0
13,307.49,2026-01-05T01:19:40.972147,device_13_14,merchant_456,1,1,1811.0,0,0,0
13,503.49,2026-01-05T02:02:04.972147,device_13_14,merchant_456,2,1,2544.0,0,0,0
13,1970.31,2026-01-05T02:07:06.972147,device_13_14,merchant_456,2,1,302.0,0,0,0
13,1629.74,2026-01-05T02:21:36.972147,device_13_14,merchant_902,2,1,870.0,0,0,0
13,1760.32,2026-01-05T02:52:03.972147,device_13_14,merchant_902,2,1,1827.0,0,1,0
13,912.06,2026-01-05T03:04:22.972147,device_13_14,merchant_902,3,1,739.0,0,0,0
13,1712.32,2026-01-05T03:19:57.972147,device_13_14,merchant_902,3,1,935.0,0,0,0
13,1839.26,2026-01-05T03:20:27.972147,device_13_59,merchant_902,3,1,30.0,1,0,0
13,1510.03,2026-01-05T03:44:44.972147,device_13_59,merchant_902,3,1,1457.0,0,0,0
13,1158.78,2026-01-05T04:25:39.972147,device_13_59,merchant_902,4,1,2455.0,0,1,0
14,605.41,2026-01-04T11:33:04.972147,device_14_1,merchant_14_1,11,0,2039.0,0,0,0
14,427.8,2026-01-04T11:38:57.972147,device_14_1,merchant_103,11,0,353.0,0,0,0
14,818.14,2026-01-04T11:45:40.972147,device_14_1,merchant_244,11,0,403.0,0,0,0
14,1344.47,2026-01-04T12:12:41.972147,device_14_1,merchant_774,12,0,1621.0,0,0,0
14,1851.03,2026-01-04T12:41:11.972147,device_14_1,merchant_774,12,0,1710.0,0,0,0
14,159.98,2026-01-04T12:59:22.972147,device_14_1,merchant_774,12,0,1091.0,0,0,0
14,1430.86,2026-01-04T13:51:44.972147,device_14_1,merchant_774,13,0,3142.0,0,0,0
14,1112.63,2026-01-04T14:27:41.972147,device_14_1,merchant_774,14,0,2157.0,0,0,0
14,1761.94,2026-01-04T14:32:05.972147,device_14_1,merchant_774,14,0,264.0,0,0,0
14,1645.22,2026-01-04T15:15:31.972147,device_14_1,merchant_774,15,0,2606.0,0,0,0
14,86.58,2026-01-04T15:57:12.972147,device_14_1,merchant_774,15,0,2501.0,0,1,0
14,1153.53,2026-01-04T16:23:58.972147,device_14_33,merchant_774,16,0,1606.0,1,0,0
14,1957.63,2026-01-04T17:11:05.972147,device_14_33,merchant_774,17,0,2827.0,0,0,0
14,132.58,2026-01-04T18:02:29.972147,device_14_7,merchant_774,18,0,3084.0,1,0,0
14,971.86,2026-01-04T18:19:41.972147,device_14_7,merchant_417,18,0,1032.0,0,0,0
14,654.7,2026-01-04T18:37:39.972147,device_14_7,merchant_417,18,0,1078.0,0,1,0
14,1045.1,2026-01-04T18:52:28.972147,device_14_7,merchant_417,18,0,889.0,0,1,0
14,1321.97,2026-01-04T18:56:46.972147,device_14_7,merchant_106,18,0,258.0,0,0,0
14,683.78,2026-01-04T19:34:27.972147,device_14_7,merchant_106,19,0,2261.0,0,0,0
14,1871.63,2026-01-04T19:45:00.972147,device_14_7,merchant_106,19,0,633.0,0,0,0
14,1968.8,2026-01-04T20:11:10.972147,device_14_7,merchant_106,20,0,1570.0,0,0,0
14,1862.97,2026-01-04T20:17:24.972147,device_14_7,merchant_106,20,0,374.0,0,0,0
14,268.03,2026-01-04T21:00:49.972147,device_14_7,merchant_729,21,0,2605.0,0,0,0
14,404.56,2026-01-04T21:02:36.972147,device_14_7,merchant_729,21,0,107.0,0,1,0
14,516.39,2026-01-04T21:33:01.972147,device_14_7,merchant_729,21,0,1825.0,0,0,0
14,322.06,2026-01-04T22:09:32.972147,device_14_7,merchant_430,22,0,2191.0,0,0,0
14,816.64,2026-01-04T22:42:05.972147,device_14_7,merchant_430,22,0,1953.0,0,0,0
14,814.9,2026-01-04T22:54:21.972147,device_14_7,merchant_430,22,0,736.0,0,1,0
14,1152.14,2026-01-04T23:30:22.972147,device_14_7,merchant_430,23,0,2161.0,0,0,0
14,210.97,2026-01-05T00:25:37.972147,device_14_7,merchant_430,0,1,3315.0,0,0,0
14,539.56,2026-01-05T01:17:55.972147,device_14_7,merchant_430,1,1,3138.0,0,0,0
14,1876.01,2026-01-05T01:52:18.972147,device_14_7,merchant_430,1,1,2063.0,0,1,0
14,1782.96,2026-01-05T02:05:04.972147,device_14_7,merchant_430,2,1,766.0,0,0,0
14,1668.62,2026-01-05T02:06:23.972147,device_14_7,merchant_430,2,1,79.0,0,1,0
14,617.2,2026-01-05T02:11:19.972147,device_14_7,merchant_388,2,1,296.0,0,1,0
14,71.88,2026-01-05T02:24:54.972147,device_14_7,merchant_388,2,1,815.0,0,0,0
14,1061.72,2026-01-05T02:25:11.972147,device_14_7,merchant_388,2,1,17.0,0,0,0
14,1752.12,2026-01-05T02:44:21.972147,device_14_7,merchant_388,2,1,1150.0,0,1,0
14,1564.74,2026-01-05T02:50:52.972147,device_14_7,merchant_215,2,1,391.0,0,0,0
14,689.12,2026-01-05T03:40:02.972147,device_14_7,merchant_215,3,1,2950.0,0,0,0
15,851.31,2026-01-04T11:53:00.972147,device_15_1,merchant_15_1,11,0,3235.0,0,0,0
15,1515.44,2026-01-04T11:55:27.972147,device_15_1,merchant_15_1,11,0,147.0,0,1,0
15,205.93,2026-01-04T12:44:51.972147,device_15_1,merchant_15_1,12,0,2964.0,0,0,0
15,430.34,2026-01-04T12:55:12.972147,device_15_1,merchant_15_1,12,0,621.0,0,0,0
15,1371.01,2026-01-04T13:51:32.972147,device_15_1,merchant_15_1,13,0,3380.0,0,1,0
15,385.21,2026-01-04T14:17:51.972147,device_15_1,merchant_15_1,14,0,1579.0,0,0,0
15,1176.02,2026-01-04T14:47:37.972147,device_15_1,merchant_15_1,14,0,1786.0,0,0,0
15,326.64,2026-01-04T15:35:26.972147,device_15_1,merchant_15_1,15,0,2869.0,0,0,0
15,976.99,2026-01-04T15:36:00.972147,device_15_1,merchant_15_1,15,0,34.0,0,0,0
15,1356.54,2026-01-04T16:20:07.972147,device_15_1,merchant_15_1,16,0,2647.0,0,0,0
15,1578.54,2026-01-04T16:34:16.972147,device_15_1,merchant_794,16,0,849.0,0,0,0
15,546.13,2026-01-04T17:22:29.972147,device_15_1,merchant_794,17,0,2893.0,0,0,0
15,1646.81,2026-01-04T18:21:20.972147,device_15_1,merchant_893,18,0,3531.0,0,0,0
15,1319.69,2026-01-04T18:49:26.972147,device_15_1,merchant_893,18,0,1686.0,0,0,0
15,1807.49,2026-01-04T19:01:03.972147,device_15_89,merchant_893,19,0,697.0,1,0,0
15,1798.23,2026-01-04T19:27:15.972147,device_15_89,merchant_893,19,0,1572.0,0,1,0
15,1080.71,2026-01-04T19:49:42.972147,device_15_100,merchant_893,19,0,1347.0,1,0,0
15,1271.01,2026-01-04T20:37:06.972147,device_15_100,merchant_893,20,0,2844.0,0,0,0
15,1249.59,2026-01-04T21:05:22.972147,device_15_100,merchant_893,21,0,1696.0,0,0,0
15,1055.9,2026-01-04T21:32:23.972147,device_15_100,merchant_893,21,0,1621.0,0,0,0
15,199.42,2026-01-04T22:25:10.972147,device_15_100,merchant_893,22,0,3167.0,0,0,0
15,1085.95,2026-01-04T22:52:29.972147,device_15_100,merchant_379,22,0,1639.0,0,0,0
15,124.15,2026-01-04T23:22:17.972147,device_15_100,merchant_379,23,0,1788.0,0,1,0
15,304.11,2026-01-04T23:40:36.972147,device_15_100,merchant_929,23,0,1099.0,0,0,0
15,214.93,2026-01-05T00:24:24.972147,device_15_100,merchant_929,0,1,2628.0,0,0,0
15,667.53,2026-01-05T00:42:08.972147,device_15_100,merchant_929,0,1,1064.0,0,0,0
15,1283.08,2026-01-05T01:05:59.972147,device_15_100,merchant_929,1,1,1431.0,0,0,0
15,1106.68,2026-01-05T01:09:52.972147,device_15_100,merchant_929,1,1,233.0,0,1,0
15,246.1,2026-01-05T01:30:38.972147,device_15_100,merchant_929,1,1,1246.0,0,1,0
15,1730.81,2026-01-05T02:16:23.972147,device_15_100,merchant_929,2,1,2745.0,0,0,0
15,1354.62,2026-01-05T02:21:38.972147,device_15_66,merchant_929,2,1,315.0,1,0,0
15,1389.28,2026-01-05T02:29:02.972147,device_15_66,merchant_929,2,1,444.0,0,0,0
15,167.58,2026-01-05T02:31:15.972147,device_15_66,merchant_929,2,1,133.0,0,0,0
15,153.36,2026-01-05T02:45:48.972147,device_15_66,merchant_929,2,1,873.0,0,0,0
15,627.61,2026-01-05T03:25:59.972147,device_15_66,merchant_929,3,1,2411.0,0,0,0
15,1024.97,2026-01-05T03:43:06.972147,device_15_66,merchant_929,3,1,1027.0,0,1,0
15,196.21,2026-01-05T03:51:28.972147,device_15_66,merchant_929,3,1,502.0,0,0,0
15,907.09,2026-01-05T04:44:34.972147,device_15_66,merchant_929,4,1,3186.0,0,0,0
15,1640.54,2026-01-05T05:37:44.972147,device_15_66,merchant_533,5,0,3190.0,0,0,0
15,147.26,2026-01-05T05:58:59.972147,device_15_66,merchant_533,5,0,1275.0,0,0,0
16,911.22,2026-01-04T11:29:38.972147,device_16_1,merchant_880,11,0,1833.0,0,0,0
16,1503.15,2026-01-04T11:48:09.972147,device_16_1,merchant_364,11,0,1111.0,0,0,0
16,592.21,2026-01-04T12:33:24.972147,device_16_28,merchant_595,12,0,2715.0,1,0,0
16,602.82,2026-01-04T12:54:22.972147,device_16_28,merchant_595,12,0,1258.0,0,0,0
16,274.55,2026-01-04T13:21:02.972147,device_16_28,merchant_595,13,0,1600.0,0,0,0
16,971.39,2026-01-04T13:34:06.972147,device_16_28,merchant_229,13,0,784.0,0,0,0
16,680.77,2026-01-04T13:51:45.972147,device_16_28,merchant_229,13,0,1059.0,0,0,0
16,1178.39,2026-01-04T14:23:15.972147,device_16_28,merchant_229,14,0,1890.0,0,0,0
16,190.54,2026-01-04T14:50:08.972147,device_16_28,merchant_229,14,0,1613.0,0,0,0
16,194.61,2026-01-04T15:46:07.972147,device_16_28,merchant_229,15,0,3359.0,0,0,0
16,965.72,2026-01-04T15:50:18.972147,device_16_28,merchant_229,15,0,251.0,0,1,0
16,259.57,2026-01-04T16:33:09.972147,device_16_28,merchant_229,16,0,2571.0,0,0,0
16,57.66,2026-01-04T17:22:56.972147,device_16_28,merchant_229,17,0,2987.0,0,0,0
16,376.73,2026-01-04T18:01:01.972147,device_16_28,merchant_229,18,0,2285.0,0,0,0
16,1045.26,2026-01-04T18:53:54.972147,device_16_28,merchant_229,18,0,3173.0,0,0,0
16,744.63,2026-01-04T19:31:28.972147,device_16_28,merchant_229,19,0,2254.0,0,0,0
16,59.92,2026-01-04T19:44:30.972147,device_16_90,merchant_229,19,0,782.0,1,0,0
16,1686.92,2026-01-04T19:57:43.972147,device_16_90,merchant_229,19,0,793.0,0,0,0
16,1655.24,2026-01-04T20:55:05.972147,device_16_90,merchant_229,20,0,3442.0,0,0,0
16,1672.31,2026-01-04T21:30:47.972147,device_16_90,merchant_332,21,0,2142.0,0,0,0
16,1833.75,2026-01-04T21:51:25.972147,device_16_90,merchant_332,21,0,1238.0,0,0,0
16,385.72,2026-01-04T22:07:06.972147,device_16_90,merchant_332,22,0,941.0,0,0,0
16,1313.28,2026-01-04T22:52:55.972147,device_16_90,merchant_332,22,0,2749.0,0,0,0
16,934.32,2026-01-04T23:50:11.972147,device_16_60,merchant_769,23,0,3436.0,1,0,0
16,225.97,2026-01-05T00:19:52.972147,device_16_60,merchant_287,0,1,1781.0,0,0,0
16,57.91,2026-01-05T00:27:45.972147,device_16_60,merchant_510,0,1,473.0,0,0,0
16,1238.53,2026-01-05T01:13:02.972147,device_16_60,merchant_510,1,1,2717.0,0,0,0
16,700.36,2026-01-05T02:01:57.972147,device_16_60,merchant_510,2,1,2935.0,0,0,0
16,1550.06,2026-01-05T02:25:22.972147,device_16_60,merchant_510,2,1,1405.0,0,0,0
16,1510.72,2026-01-05T03:22:23.972147,device_16_16,merchant_510,3,1,3421.0,1,0,0
16,346.47,2026-01-05T03:27:26.972147,device_16_16,merchant_137,3,1,303.0,0,0,0
16,1332.68,2026-01-05T03:38:40.972147,device_16_16,merchant_137,3,1,674.0,0,0,0
16,1311.77,2026-01-05T04:13:38.972147,device_16_16,merchant_128,4,1,2098.0,0,0,0
16,1056.57,2026-01-05T04:48:44.972147,device_16_16,merchant_128,4,1,2106.0,0,0,0
16,1471.92,2026-01-05T05:06:41.972147,device_16_16,merchant_128,5,0,1077.0,0,1,0
16,1809.79,2026-01-05T05:20:13.972147,device_16_16,merchant_128,5,0,812.0,0,0,0
16,1536.58,2026-01-05T06:09:12.972147,device_16_16,merchant_128,6,0,2939.0,0,0,0
16,884.51,2026-01-05T06:58:15.972147,device_16_16,merchant_489,6,0,2943.0,0,0,0
16,528.97,2026-01-05T07:07:53.972147,device_16_16,merchant_489,7,0,578.0,0,0,0
16,1255.11,2026-01-05T07:47:10.972147,device_16_16,merchant_365,7,0,2357.0,0,0,0
17,1522.94,2026-01-04T11:58:20.972147,device_17_1,merchant_17_1,11,0,3555.0,0,0,0
17,441.67,2026-01-04T12:35:48.972147,device_17_1,merchant_868,12,0,2248.0,0,0,0
17,799.28,2026-01-04T13:07:07.972147,device_17_1,merchant_868,13,0,1879.0,0,0,0
17,1500.42,2026-01-04T13:54:34.972147,device_17_1,merchant_868,13,0,2847.0,0,0,0
17,350.56,2026-01-04T14:26:14.972147,device_17_1,merchant_868,14,0,1900.0,0,0,0
17,346.81,2026-01-04T15:01:04.972147,device_17_1,merchant_868,15,0,2090.0,0,0,0
17,835.75,2026-01-04T15:22:43.972147,device_17_60,merchant_868,15,0,1299.0,1,1,0
17,1483.96,2026-01-04T15:54:13.972147,device_17_60,merchant_774,15,0,1890.0,0,0,0
17,828.86,2026-01-04T16:23:03.972147,device_17_60,merchant_577,16,0,1730.0,0,0,0
17,903.33,2026-01-04T16:42:43.972147,device_17_60,merchant_563,16,0,1180.0,0,0,0
17,211.34,2026-01-04T17:21:19.972147,device_17_60,merchant_754,17,0,2316.0,0,0,0
17,1922.91,2026-01-04T18:15:11.972147,device_17_73,merchant_754,18,0,3232.0,1,0,0
17,1082.01,2026-01-04T18:20:36.972147,device_17_73,merchant_754,18,0,325.0,0,0,0
17,933.68,2026-01-04T19:04:28.972147,device_17_73,merchant_754,19,0,2632.0,0,0,0
17,1094.23,2026-01-04T19:51:55.972147,device_17_73,merchant_754,19,0,2847.0,0,0,0
17,1434.47,2026-01-04T20:04:06.972147,device_17_73,merchant_754,20,0,731.0,0,0,0
17,800.07,2026-01-04T20:41:28.972147,device_17_73,merchant_754,20,0,2242.0,0,0,0
17,1742.08,2026-01-04T20:56:02.972147,device_17_73,merchant_754,20,0,874.0,0,0,0
17,1295.81,2026-01-04T21:55:10.972147,device_17_73,merchant_754,21,0,3548.0,0,0,0
17,1194.88,2026-01-04T22:21:20.972147,device_17_61,merchant_754,22,0,1570.0,1,0,0
17,807.2,2026-01-04T23:12:41.972147,device_17_61,merchant_754,23,0,3081.0,0,0,0
17,960.64,2026-01-04T23:40:34.972147,device_17_61,merchant_457,23,0,1673.0,0,0,0
17,1386.4,2026-01-05T00:28:36.972147,device_17_61,merchant_457,0,1,2882.0,0,0,0
17,1355.33,2026-01-05T01:16:34.972147,device_17_61,merchant_457,1,1,2878.0,0,0,0
17,199.67,2026-01-05T01:35:42.972147,device_17_61,merchant_457,1,1,1148.0,0,0,0
17,246.23,2026-01-05T02:27:03.972147,device_17_61,merchant_457,2,1,3081.0,0,0,0
17,1040.24,2026-01-05T02:27:58.972147,device_17_61,merchant_457,2,1,55.0,0,0,0
17,811.52,2026-01-05T02:56:04.972147,device_17_61,merchant_457,2,1,1686.0,0,0,0
17,735.75,2026-01-05T03:32:49.972147,device_17_24,merchant_457,3,1,2205.0,1,0,0
17,1671.44,2026-01-05T04:20:56.972147,device_17_24,merchant_457,4,1,2887.0,0,0,0
17,606.98,2026-01-05T04:39:45.972147,device_17_24,merchant_457,4,1,1129.0,0,0,0
17,98.37,2026-01-05T05:33:32.972147,device_17_24,merchant_457,5,0,3227.0,0,0,0
17,939.4,2026-01-05T05:42:34.972147,device_17_24,merchant_457,5,0,542.0,0,0,0
17,307.3,2026-01-05T05:55:28.972147,device_17_24,merchant_457,5,0,774.0,0,0,0
17,824.69,2026-01-05T06:08:14.972147,device_17_24,merchant_457,6,0,766.0,0,0,0
17,1762.27,2026-01-05T06:34:02.972147,device_17_24,merchant_457,6,0,1548.0,0,0,0
17,182.9,2026-01-05T06:51:20.972147,device_17_24,merchant_457,6,0,1038.0,0,0,0
17,739.62,2026-01-05T07:09:30.972147,device_17_24,merchant_594,7,0,1090.0,0,0,0
17,691.91,2026-01-05T07:21:05.972147,device_17_24,merchant_594,7,0,695.0,0,0,0
17,1310.08,2026-01-05T08:05:38.972147,device_17_24,merchant_594,8,0,2673.0,0,0,0
18,870.32,2026-01-04T11:56:26.972147,device_18_1,merchant_18_1,11,0,3441.0,0,0,0
18,793.23,2026-01-04T12:28:39.972147,device_18_1,merchant_18_1,12,0,1933.0,0,0,0
18,583.04,2026-01-04T12:33:59.972147,device_18_1,merchant_18_1,12,0,320.0,0,0,0
18,620.72,2026-01-04T13:09:46.972147,device_18_1,merchant_18_1,13,0,2147.0,0,0,0
18,1830.03,2026-01-04T13:45:24.972147,device_18_1,merchant_18_1,13,0,2138.0,0,0,0
18,1031.12,2026-01-04T14:31:19.972147,device_18_1,merchant_478,14,0,2755.0,0,0,0
18,780.13,2026-01-04T15:14:28.972147,device_18_1,merchant_219,15,0,2589.0,0,0,0
18,312.46,2026-01-04T15:57:30.972147,device_18_1,merchant_219,15,0,2582.0,0,0,0
18,491.94,2026-01-04T16:32:34.972147,device_18_1,merchant_881,16,0,2104.0,0,0,0
18,202.83,2026-01-04T17:19:46.972147,device_18_1,merchant_881,17,0,2832.0,0,0,0
18,1548.15,2026-01-04T17:36:49.972147,device_18_47,merchant_881,17,0,1023.0,1,0,0
18,1049.27,2026-01-04T18:10:37.972147,device_18_47,merchant_725,18,0,2028.0,0,0,0
18,1372.39,2026-01-04T18:49:09.972147,device_18_47,merchant_725,18,0,2312.0,0,0,0
18,207.0,2026-01-04T18:59:04.972147,device_18_47,merchant_725,18,0,595.0,0,0,0
18,89.32,2026-01-04T19:17:13.972147,device_18_94,merchant_460,19,0,1089.0,1,0,0
18,661.48,2026-01-04T19:55:51.972147,device_18_94,merchant_460,19,0,2318.0,0,0,0
18,1774.49,2026-01-04T19:58:26.972147,device_18_94,merchant_460,19,0,155.0,0,0,0
18,200.15,2026-01-04T20:49:14.972147,device_18_94,merchant_410,20,0,3048.0,0,0,0
18,1823.56,2026-01-04T21:05:53.972147,device_18_94,merchant_490,21,0,999.0,0,0,0
18,1434.07,2026-01-04T21:51:42.972147,device_18_94,merchant_490,21,0,2749.0,0,0,0
18,233.27,2026-01-04T22:25:06.972147,device_18_94,merchant_490,22,0,2004.0,0,0,0
18,633.98,2026-01-04T22:37:07.972147,device_18_94,merchant_490,22,0,721.0,0,0,0
18,1425.1,2026-01-04T23:24:24.972147,device_18_94,merchant_600,23,0,2837.0,0,0,0
18,608.66,2026-01-04T23:42:40.972147,device_18_94,merchant_769,23,0,1096.0,0,0,0
18,1638.32,2026-01-05T00:05:18.972147,device_18_94,merchant_769,0,1,1358.0,0,0,0
18,953.48,2026-01-05T00:05:39.972147,device_18_94,merchant_541,0,1,21.0,0,0,0
18,252.15,2026-01-05T00:22:46.972147,device_18_94,merchant_644,0,1,1027.0,0,0,0
18,297.5,2026-01-05T01:09:21.972147,device_18_94,merchant_644,1,1,2795.0,0,0,0
18,943.09,2026-01-05T02:04:32.972147,device_18_94,merchant_644,2,1,3311.0,0,0,0
18,1159.03,2026-01-05T02:34:12.972147,device_18_94,merchant_644,2,1,1780.0,0,0,0
18,1466.4,2026-01-05T03:26:27.972147,device_18_94,merchant_813,3,1,3135.0,0,0,0
18,1151.99,2026-01-05T03:59:28.972147,device_18_94,merchant_813,3,1,1981.0,0,1,0
18,1570.14,2026-01-05T04:20:53.972147,device_18_94,merchant_813,4,1,1285.0,0,0,0
18,691.03,2026-01-05T04:42:20.972147,device_18_94,merchant_813,4,1,1287.0,0,0,0
18,198.75,2026-01-05T04:43:40.972147,device_18_94,merchant_813,4,1,80.0,0,0,0
18,667.3,2026-01-05T05:03:45.972147,device_18_44,merchant_813,5,0,1205.0,1,1,0
18,1893.49,2026-01-05T06:02:45.972147,device_18_44,merchant_813,6,0,3540.0,0,0,0
18,1381.97,2026-01-05T06:44:01.972147,device_18_44,merchant_813,6,0,2476.0,0,1,0
18,1512.23,2026-01-05T07:29:29.972147,device_18_44,merchant_813,7,0,2728.0,0,0,0
18,702.9,2026-01-05T08:07:30.972147,device_18_44,merchant_813,8,0,2281.0,0,0,0
19,907.78,2026-01-04T11:27:49.972147,device_19_1,merchant_19_1,11,0,1724.0,0,0,0
19,1473.2,2026-01-04T12:19:56.972147,device_19_1,merchant_866,12,0,3127.0,0,0,0
19,370.78,2026-01-04T12:47:52.972147,device_19_1,merchant_866,12,0,1676.0,0,1,0
19,1773.47,2026-01-04T13:27:29.972147,device_19_1,merchant_529,13,0,2377.0,0,0,0
19,771.33,2026-01-04T14:10:46.972147,device_19_1,merchant_529,14,0,2597.0,0,0,0
19,568.89,2026-01-04T15:03:15.972147,device_19_1,merchant_529,15,0,3149.0,0,0,0
19,162.91,2026-01-04T15:26:13.972147,device_19_1,merchant_199,15,0,1378.0,0,0,0
19,1374.7,2026-01-04T16:24:23.972147,device_19_1,merchant_694,16,0,3490.0,0,0,0
19,1463.03,2026-01-04T16:27:26.972147,device_19_1,merchant_694,16,0,183.0,0,0,0
19,1933.28,2026-01-04T17:13:23.972147,device_19_1,merchant_694,17,0,2757.0,0,0,0
19,318.84,2026-01-04T17:37:01.972147,device_19_1,merchant_694,17,0,1418.0,0,0,0
19,851.41,2026-01-04T18:23:18.972147,device_19_1,merchant_694,18,0,2777.0,0,0,0
19,305.26,2026-01-04T19:14:39.972147,device_19_1,merchant_146,19,0,3081.0,0,0,0
19,1615.36,2026-01-04T19:16:00.972147,device_19_1,merchant_146,19,0,81.0,0,0,0
19,465.54,2026-01-04T19:28:57.972147,device_19_1,merchant_146,19,0,777.0,0,0,0
19,1338.76,2026-01-04T20:08:15.972147,device_19_1,merchant_593,20,0,2358.0,0,0,0
19,1136.53,2026-01-04T21:01:40.972147,device_19_1,merchant_593,21,0,3205.0,0,0,0
19,1855.94,2026-01-04T21:16:15.972147,device_19_1,merchant_593,21,0,875.0,0,1,0
19,152.51,2026-01-04T21:22:30.972147,device_19_1,merchant_593,21,0,375.0,0,0,0
19,913.1,2026-01-04T22:13:31.972147,device_19_1,merchant_593,22,0,3061.0,0,0,0
19,310.7,2026-01-04T23:10:25.972147,device_19_1,merchant_593,23,0,3414.0,0,0,0
19,859.5,2026-01-04T23:34:16.972147,device_19_1,merchant_593,23,0,1431.0,0,0,0
19,898.46,2026-01-05T00:17:49.972147,device_19_1,merchant_593,0,1,2613.0,0,0,0
19,261.2,2026-01-05T01:16:24.972147,device_19_1,merchant_837,1,1,3515.0,0,0,0
19,1353.66,2026-01-05T01:28:55.972147,device_19_1,merchant_837,1,1,751.0,0,0,0
19,1852.52,2026-01-05T01:31:14.972147,device_19_1,merchant_837,1,1,139.0,0,0,0
19,1636.67,2026-01-05T01:48:26.972147,device_19_1,merchant_873,1,1,1032.0,0,0,0
19,1603.87,2026-01-05T01:57:08.972147,device_19_1,merchant_873,1,1,522.0,0,1,0
19,1737.83,2026-01-05T02:18:48.972147,device_19_1,merchant_525,2,1,1300.0,0,0,0
19,584.36,2026-01-05T03:08:38.972147,device_19_1,merchant_525,3,1,2990.0,0,0,0
19,1824.79,2026-01-05T03:22:50.972147,device_19_1,merchant_525,3,1,852.0,0,0,0
19,1617.07,2026-01-05T03:26:26.972147,device_19_1,merchant_525,3,1,216.0,0,0,0
19,1499.92,2026-01-05T04:03:41.972147,device_19_1,merchant_525,4,1,2235.0,0,0,0
19,470.84,2026-01-05T04:24:38.972147,device_19_1,merchant_525,4,1,1257.0,0,0,0
19,335.37,2026-01-05T04:53:28.972147,device_19_1,merchant_525,4,1,1730.0,0,0,0
19,1429.25,2026-01-05T05:45:35.972147,device_19_1,merchant_525,5,0,3127.0,0,0,0
19,1701.85,2026-01-05T06:22:09.972147,device_19_1,merchant_525,6,0,2194.0,0,0,0
19,670.9,2026-01-05T07:18:22.972147,device_19_1,merchant_525,7,0,3373.0,0,0,0
19,1427.65,2026-01-05T07:22:03.972147,device_19_1,merchant_818,7,0,221.0,0,0,0
19,1250.98,2026-01-05T07:30:15.972147,device_19_1,merchant_818,7,0,492.0,0,0,0
20,524.4,2026-01-04T11:41:17.972147,device_20_1,merchant_20_1,11,0,2532.0,0,0,0
20,958.63,2026-01-04T12:30:22.972147,device_20_1,merchant_20_1,12,0,2945.0,0,0,0
20,1382.48,2026-01-04T13:28:12.972147,device_20_64,merchant_20_1,13,0,3470.0,1,0,0
20,781.78,2026-01-04T13:32:44.972147,device_20_64,merchant_20_1,13,0,272.0,0,0,0
20,388.92,2026-01-04T13:54:53.972147,device_20_64,merchant_20_1,13,0,1329.0,0,0,0
20,866.93,2026-01-04T14:43:35.972147,device_20_64,merchant_20_1,14,0,2922.0,0,0,0
20,218.93,2026-01-04T15:30:50.972147,device_20_64,merchant_143,15,0,2835.0,0,0,0
20,1657.97,2026-01-04T16:20:23.972147,device_20_64,merchant_143,16,0,2973.0,0,0,0
20,775.68,2026-01-04T16:51:10.972147,device_20_64,merchant_143,16,0,1847.0,0,0,0
20,977.81,2026-01-04T17:30:18.972147,device_20_64,merchant_143,17,0,2348.0,0,0,0
20,1026.41,2026-01-04T18:11:27.972147,device_20_64,merchant_143,18,0,2469.0,0,0,0
20,966.61,2026-01-04T18:22:24.972147,device_20_64,merchant_143,18,0,657.0,0,0,0
20,364.84,2026-01-04T18:39:54.972147,device_20_64,merchant_143,18,0,1050.0,0,0,0
20,355.03,2026-01-04T18:43:09.972147,device_20_64,merchant_876,18,0,195.0,0,0,0
20,1432.31,2026-01-04T18:55:16.972147,device_20_36,merchant_681,18,0,727.0,1,0,0
20,1122.51,2026-01-04T19:43:27.972147,device_20_36,merchant_681,19,0,2891.0,0,0,0
20,540.24,2026-01-04T20:23:35.972147,device_20_36,merchant_681,20,0,2408.0,0,0,0
20,1270.41,2026-01-04T20:26:41.972147,device_20_36,merchant_681,20,0,186.0,0,1,0
20,1770.55,2026-01-04T20:45:28.972147,device_20_36,merchant_758,20,0,1127.0,0,0,0
20,1446.81,2026-01-04T21:26:19.972147,device_20_36,merchant_298,21,0,2451.0,0,0,0
20,1260.7,2026-01-04T22:14:31.972147,device_20_36,merchant_298,22,0,2892.0,0,0,0
20,1516.16,2026-01-04T22:32:05.972147,device_20_36,merchant_298,22,0,1054.0,0,0,0
20,791.82,2026-01-04T22:51:51.972147,device_20_36,merchant_298,22,0,1186.0,0,0,0
20,215.13,2026-01-04T23:39:03.972147,device_20_36,merchant_298,23,0,2832.0,0,0,0
20,1683.79,2026-01-05T00:18:47.972147,device_20_36,merchant_298,0,1,2384.0,0,0,0
20,470.35,2026-01-05T00:46:16.972147,device_20_36,merchant_298,0,1,1649.0,0,0,0
20,259.54,2026-01-05T00:54:03.972147,device_20_36,merchant_298,0,1,467.0,0,0,0
20,1030.11,2026-01-05T01:48:13.972147,device_20_36,merchant_381,1,1,3250.0,0,0,0
20,837.91,2026-01-05T02:00:06.972147,device_20_36,merchant_381,2,1,713.0,0,0,0
20,497.16,2026-01-05T02:58:17.972147,device_20_36,merchant_146,2,1,3491.0,0,0,0
20,1841.98,2026-01-05T03:16:16.972147,device_20_36,merchant_146,3,1,1079.0,0,0,0
20,590.21,2026-01-05T03:56:15.972147,device_20_36,merchant_995,3,1,2399.0,0,0,0
20,319.17,2026-01-05T04:54:55.972147,device_20_36,merchant_995,4,1,3520.0,0,0,0
20,214.15,2026-01-05T05:06:33.972147,device_20_36,merchant_995,5,0,698.0,0,0,0
20,606.33,2026-01-05T05:41:25.972147,device_20_37,merchant_995,5,0,2092.0,1,0,0
20,283.03,2026-01-05T05:55:08.972147,device_20_37,merchant_995,5,0,823.0,0,0,0
20,1515.32,2026-01-05T06:53:45.972147,device_20_37,merchant_441,6,0,3517.0,0,0,0
20,1820.98,2026-01-05T07:00:47.972147,device_20_37,merchant_441,7,0,422.0,0,0,0
20,1465.93,2026-01-05T07:45:43.972147,device_20_37,merchant_441,7,0,2696.0,0,1,0
20,1138.44,2026-01-05T08:43:08.972147,device_20_37,merchant_245,8,0,3445.0,0,0,0
21,1185.3,2026-01-04T11:20:46.972147,device_21_58,merchant_21_1,11,0,1301.0,1,0,0
21,1219.24,2026-01-04T11:49:47.972147,device_21_58,merchant_303,11,0,1741.0,0,0,0
21,726.12,2026-01-04T12:45:01.972147,device_21_58,merchant_303,12,0,3314.0,0,0,0
21,593.83,2026-01-04T13:13:26.972147,device_21_58,merchant_303,13,0,1705.0,0,0,0
21,1851.31,2026-01-04T13:31:35.972147,device_21_58,merchant_303,13,0,1089.0,0,0,0
21,771.92,2026-01-04T13:34:25.972147,device_21_58,merchant_303,13,0,170.0,0,0,0
21,1214.75,2026-01-04T14:25:37.972147,device_21_58,merchant_303,14,0,3072.0,0,0,0
21,217.57,2026-01-04T14:50:21.972147,device_21_58,merchant_303,14,0,1484.0,0,0,0
21,238.12,2026-01-04T15:19:31.972147,device_21_58,merchant_303,15,0,1750.0,0,0,0
21,631.85,2026-01-04T15:23:38.972147,device_21_58,merchant_303,15,0,247.0,0,0,0
21,1681.7,2026-01-04T15:36:29.972147,device_21_58,merchant_872,15,0,771.0,0,0,0
21,1930.28,2026-01-04T16:06:33.972147,device_21_86,merchant_872,16,0,1804.0,1,0,0
21,1610.6,2026-01-04T16:20:08.972147,device_21_86,merchant_872,16,0,815.0,0,0,0
21,524.66,2026-01-04T17:02:30.972147,device_21_86,merchant_872,17,0,2542.0,0,0,0
21,499.26,2026-01-04T17:07:50.972147,device_21_86,merchant_872,17,0,320.0,0,0,0
21,869.96,2026-01-04T17:53:05.972147,device_21_86,merchant_702,17,0,2715.0,0,0,0
21,1860.22,2026-01-04T18:10:14.972147,device_21_86,merchant_702,18,0,1029.0,0,0,0
21,1448.38,2026-01-04T18:46:31.972147,device_21_86,merchant_702,18,0,2177.0,0,0,0
21,662.5,2026-01-04T19:35:29.972147,device_21_86,merchant_702,19,0,2938.0,0,0,0
21,131.58,2026-01-04T20:31:17.972147,device_21_86,merchant_702,20,0,3348.0,0,0,0
21,1019.56,2026-01-04T21:23:50.972147,device_21_86,merchant_702,21,0,3153.0,0,0,0
21,216.78,2026-01-04T21:26:55.972147,device_21_86,merchant_702,21,0,185.0,0,0,0
21,366.32,2026-01-04T22:06:47.972147,device_21_86,merchant_702,22,0,2392.0,0,0,0
21,1167.34,2026-01-04T23:00:16.972147,device_21_86,merchant_702,23,0,3209.0,0,0,0
21,392.86,2026-01-04T23:15:13.972147,device_21_86,merchant_702,23,0,897.0,0,0,0
21,1088.97,2026-01-04T23:46:08.972147,device_21_85,merchant_702,23,0,1855.0,1,0,0
21,427.1,2026-01-05T00:40:46.972147,device_21_85,merchant_702,0,1,3278.0,0,0,0
21,596.32,2026-01-05T01:24:19.972147,device_21_85,merchant_702,1,1,2613.0,0,0,0
21,1095.39,2026-01-05T01:35:32.972147,device_21_68,merchant_702,1,1,673.0,1,0,0
21,89.23,2026-01-05T02:22:03.972147,device_21_68,merchant_861,2,1,2791.0,0,0,0
21,1700.87,2026-01-05T03:06:38.972147,device_21_68,merchant_861,3,1,2675.0,0,0,0
21,325.32,2026-01-05T03:15:28.972147,device_21_68,merchant_461,3,1,530.0,0,0,0
21,1635.63,2026-01-05T03:59:41.972147,device_21_9,merchant_461,3,1,2653.0,1,0,0
21,1898.04,2026-01-05T04:42:12.972147,device_21_9,merchant_401,4,1,2551.0,0,0,0
21,1431.76,2026-01-05T04:43:08.972147,device_21_9,merchant_401,4,1,56.0,0,0,0
21,1274.18,2026-01-05T04:44:12.972147,device_21_9,merchant_709,4,1,64.0,0,0,0
21,128.76,2026-01-05T05:11:09.972147,device_21_9,merchant_709,5,0,1617.0,0,0,0
21,113.95,2026-01-05T05:50:38.972147,device_21_9,merchant_835,5,0,2369.0,0,0,0
21,1518.7,2026-01-05T05:58:49.972147,device_21_99,merchant_835,5,0,491.0,1,0,0
21,1525.7,2026-01-05T06:28:50.972147,device_21_99,merchant_594,6,0,1801.0,0,0,0
22,1300.29,2026-01-04T11:13:46.972147,device_22_37,merchant_22_1,11,0,881.0,1,0,0
22,975.04,2026-01-04T11:45:56.972147,device_22_37,merchant_22_1,11,0,1930.0,0,0,0
22,1225.49,2026-01-04T12:30:46.972147,device_22_37,merchant_22_1,12,0,2690.0,0,0,0
22,583.11,2026-01-04T13:15:06.972147,device_22_37,merchant_643,13,0,2660.0,0,0,0
22,1173.82,2026-01-04T13:37:54.972147,device_22_37,merchant_643,13,0,1368.0,0,0,0
22,798.27,2026-01-04T14:19:15.972147,device_22_37,merchant_643,14,0,2481.0,0,0,0
22,1970.22,2026-01-04T14:50:11.972147,device_22_37,merchant_643,14,0,1856.0,0,0,0
22,77.52,2026-01-04T15:06:52.972147,device_22_37,merchant_643,15,0,1001.0,0,0,0
22,1229.83,2026-01-04T15:09:59.972147,device_22_37,merchant_643,15,0,187.0,0,0,0
22,1023.35,2026-01-04T15:31:47.972147,device_22_37,merchant_643,15,0,1308.0,0,0,0
22,1335.0,2026-01-04T16:29:24.972147,device_22_37,merchant_643,16,0,3457.0,0,0,0
22,1715.26,2026-01-04T17:19:01.972147,device_22_37,merchant_643,17,0,2977.0,0,0,0
22,1168.05,2026-01-04T17:36:29.972147,device_22_80,merchant_643,17,0,1048.0,1,0,0
22,701.57,2026-01-04T18:06:46.972147,device_22_80,merchant_643,18,0,1817.0,0,0,0
22,634.02,2026-01-04T19:04:17.972147,device_22_80,merchant_218,19,0,3451.0,0,0,0
22,1808.76,2026-01-04T19:17:44.972147,device_22_80,merchant_218,19,0,807.0,0,0,0
22,1243.32,2026-01-04T19:30:06.972147,device_22_12,merchant_218,19,0,742.0,1,0,0
22,1754.18,2026-01-04T20:11:15.972147,device_22_12,merchant_218,20,0,2469.0,0,0,0
22,1677.92,2026-01-04T20:55:44.972147,device_22_12,merchant_427,20,0,2669.0,0,0,0
22,588.9,2026-01-04T21:07:53.972147,device_22_12,merchant_111,21,0,729.0,0,1,0
22,500.94,2026-01-04T21:14:22.972147,device_22_12,merchant_111,21,0,389.0,0,0,0
22,927.88,2026-01-04T21:40:47.972147,device_22_12,merchant_111,21,0,1585.0,0,0,0
22,1544.92,2026-01-04T22:11:42.972147,device_22_12,merchant_111,22,0,1855.0,0,0,0
22,1323.2,2026-01-04T23:05:49.972147,device_22_12,merchant_111,23,0,3247.0,0,0,0
22,1540.41,2026-01-04T23:27:37.972147,device_22_12,merchant_111,23,0,1308.0,0,0,0
22,1661.49,2026-01-04T23:36:22.972147,device_22_12,merchant_111,23,0,525.0,0,0,0
22,1174.33,2026-01-05T00:23:33.972147,device_22_12,merchant_111,0,1,2831.0,0,0,0
22,696.25,2026-01-05T00:35:45.972147,device_22_12,merchant_111,0,1,732.0,0,0,0
22,1846.76,2026-01-05T00:46:39.972147,device_22_12,merchant_111,0,1,654.0,0,0,0
22,614.48,2026-01-05T01:24:24.972147,device_22_12,merchant_111,1,1,2265.0,0,0,0
22,849.52,2026-01-05T01:33:51.972147,device_22_12,merchant_111,1,1,567.0,0,0,0
22,432.29,2026-01-05T01:46:19.972147,device_22_12,merchant_522,1,1,748.0,0,0,0
22,1690.14,2026-01-05T02:09:01.972147,device_22_12,merchant_522,2,1,1362.0,0,0,0
22,1585.06,2026-01-05T02:22:26.972147,device_22_12,merchant_522,2,1,805.0,0,0,0
22,463.12,2026-01-05T03:08:40.972147,device_22_12,merchant_522,3,1,2774.0,0,0,0
22,513.15,2026-01-05T03:55:37.972147,device_22_12,merchant_522,3,1,2817.0,0,0,0
22,1043.57,2026-01-05T04:53:23.972147,device_22_12,merchant_522,4,1,3466.0,0,0,0
22,898.34,2026-01-05T04:53:33.972147,device_22_56,merchant_522,4,1,10.0,1,1,0
22,1486.78,2026-01-05T05:34:55.972147,device_22_56,merchant_522,5,0,2482.0,0,0,0
22,102.43,2026-01-05T05:37:50.972147,device_22_56,merchant_522,5,0,175.0,0,0,0
23,1853.56,2026-01-04T11:07:35.972147,device_23_1,merchant_703,11,0,510.0,0,0,0
23,1879.6,2026-01-04T11:44:23.972147,device_23_1,merchant_703,11,0,2208.0,0,0,0
23,858.53,2026-01-04T12:03:40.972147,device_23_1,merchant_703,12,0,1157.0,0,0,0
23,330.8,2026-01-04T12:43:21.972147,device_23_1,merchant_703,12,0,2381.0,0,0,0
23,1480.83,2026-01-04T13:27:08.972147,device_23_1,merchant_703,13,0,2627.0,0,0,0
23,851.68,2026-01-04T14:17:35.972147,device_23_68,merchant_703,14,0,3027.0,1,0,0
23,1149.59,2026-01-04T14:42:26.972147,device_23_68,merchant_946,14,0,1491.0,0,0,0
23,1390.44,2026-01-04T15:37:51.972147,device_23_68,merchant_946,15,0,3325.0,0,0,0
23,629.29,2026-01-04T15:41:00.972147,device_23_68,merchant_946,15,0,189.0,0,0,0
23,1738.14,2026-01-04T15:52:25.972147,device_23_68,merchant_946,15,0,685.0,0,0,0
23,843.59,2026-01-04T16:00:59.972147,device_23_89,merchant_946,16,0,514.0,1,0,0
23,91.49,2026-01-04T16:22:51.972147,device_23_89,merchant_706,16,0,1312.0,0,0,0
23,1037.46,2026-01-04T16:28:27.972147,device_23_89,merchant_706,16,0,336.0,0,0,0
23,840.69,2026-01-04T17:19:43.972147,device_23_89,merchant_706,17,0,3076.0,0,1,0
23,1961.71,2026-01-04T17:48:04.972147,device_23_89,merchant_706,17,0,1701.0,0,0,0
23,1790.09,2026-01-04T18:45:59.972147,device_23_89,merchant_537,18,0,3475.0,0,0,0
23,726.58,2026-01-04T19:28:09.972147,device_23_89,merchant_537,19,0,2530.0,0,0,0
23,365.76,2026-01-04T19:38:28.972147,device_23_89,merchant_537,19,0,619.0,0,0,0
23,711.83,2026-01-04T20:11:58.972147,device_23_89,merchant_537,20,0,2010.0,0,0,0
23,1714.7,2026-01-04T20:31:55.972147,device_23_89,merchant_113,20,0,1197.0,0,0,0
23,213.88,2026-01-04T20:43:33.972147,device_23_89,merchant_465,20,0,698.0,0,0,0
23,962.16,2026-01-04T21:30:15.972147,device_23_89,merchant_895,21,0,2802.0,0,0,0
23,909.69,2026-01-04T21:41:45.972147,device_23_89,merchant_457,21,0,690.0,0,0,0
23,316.81,2026-01-04T22:28:47.972147,device_23_89,merchant_748,22,0,2822.0,0,0,0
23,1150.63,2026-01-04T22:44:39.972147,device_23_89,merchant_748,22,0,952.0,0,0,0
23,355.57,2026-01-04T23:01:58.972147,device_23_89,merchant_918,23,0,1039.0,0,0,0
23,216.66,2026-01-04T23:08:35.972147,device_23_28,merchant_918,23,0,397.0,1,0,0
23,152.49,2026-01-04T23:10:33.972147,device_23_28,merchant_918,23,0,118.0,0,0,0
23,1058.83,2026-01-04T23:54:06.972147,device_23_28,merchant_918,23,0,2613.0,0,0,0
23,474.75,2026-01-05T00:47:04.972147,device_23_28,merchant_918,0,1,3178.0,0,0,0
23,1408.26,2026-01-05T01:21:45.972147,device_23_28,merchant_210,1,1,2081.0,0,0,0
23,1225.1,2026-01-05T01:39:36.972147,device_23_49,merchant_210,1,1,1071.0,1,0,0
23,1599.94,2026-01-05T02:34:02.972147,device_23_49,merchant_264,2,1,3266.0,0,0,0
23,258.73,2026-01-05T03:03:43.972147,device_23_49,merchant_264,3,1,1781.0,0,0,0
23,1419.96,2026-01-05T03:06:16.972147,device_23_64,merchant_264,3,1,153.0,1,0,0
23,758.55,2026-01-05T03:45:29.972147,device_23_64,merchant_264,3,1,2353.0,0,0,0
23,240.12,2026-01-05T04:11:12.972147,device_23_64,merchant_264,4,1,1543.0,0,0,0
23,215.85,2026-01-05T05:10:50.972147,device_23_64,merchant_264,5,0,3578.0,0,0,0
23,1414.42,2026-01-05T05:37:24.972147,device_23_15,merchant_264,5,0,1594.0,1,0,0
23,567.07,2026-01-05T05:57:10.972147,device_23_15,merchant_264,5,0,1186.0,0,1,0
24,298.28,2026-01-04T11:51:16.972147,device_24_1,merchant_24_1,11,0,3131.0,0,1,0
24,1536.71,2026-01-04T12:03:32.972147,device_24_27,merchant_24_1,12,0,736.0,1,1,0
24,1163.77,2026-01-04T12:10:55.972147,device_24_27,merchant_24_1,12,0,443.0,0,0,0
24,67.45,2026-01-04T12:25:16.972147,device_24_27,merchant_24_1,12,0,861.0,0,0,0
24,207.02,2026-01-04T12:53:50.972147,device_24_27,merchant_24_1,12,0,1714.0,0,0,0
24,779.97,2026-01-04T13:45:07.972147,device_24_3,merchant_24_1,13,0,3077.0,1,0,0
24,1835.26,2026-01-04T13:57:12.972147,device_24_3,merchant_24_1,13,0,725.0,0,0,0
24,100.33,2026-01-04T13:57:49.972147,device_24_3,merchant_936,13,0,37.0,0,0,0
24,595.58,2026-01-04T14:25:32.972147,device_24_3,merchant_936,14,0,1663.0,0,1,0
24,1395.34,2026-01-04T15:09:09.972147,device_24_3,merchant_915,15,0,2617.0,0,0,0
24,1575.83,2026-01-04T15:55:24.972147,device_24_3,merchant_192,15,0,2775.0,0,0,0
24,647.59,2026-01-04T16:11:04.972147,device_24_3,merchant_477,16,0,940.0,0,0,0
24,126.19,2026-01-04T16:31:12.972147,device_24_3,merchant_477,16,0,1208.0,0,1,0
24,1449.56,2026-01-04T16:43:43.972147,device_24_3,merchant_477,16,0,751.0,0,0,0
24,1456.28,2026-01-04T17:09:21.972147,device_24_3,merchant_477,17,0,1538.0,0,1,0
24,68.87,2026-01-04T17:36:17.972147,device_24_3,merchant_477,17,0,1616.0,0,1,0
24,1083.86,2026-01-04T18:29:03.972147,device_24_3,merchant_477,18,0,3166.0,0,0,0
24,864.26,2026-01-04T18:43:52.972147,device_24_3,merchant_206,18,0,889.0,0,0,0
24,315.47,2026-01-04T19:38:04.972147,device_24_3,merchant_206,19,0,3252.0,0,0,0
24,479.55,2026-01-04T20:07:12.972147,device_24_3,merchant_584,20,0,1748.0,0,0,0
24,754.52,2026-01-04T20:43:03.972147,device_24_3,merchant_584,20,0,2151.0,0,0,0
24,1182.08,2026-01-04T20:46:25.972147,device_24_3,merchant_584,20,0,202.0,0,0,0
24,841.37,2026-01-04T21:00:56.972147,device_24_3,merchant_584,21,0,871.0,0,0,0
24,146.25,2026-01-04T21:37:16.972147,device_24_3,merchant_768,21,0,2180.0,0,0,0
24,1343.11,2026-01-04T22:25:16.972147,device_24_3,merchant_768,22,0,2880.0,0,0,0
24,736.1,2026-01-04T22:46:03.972147,device_24_3,merchant_131,22,0,1247.0,0,0,0
24,1784.47,2026-01-04T22:48:43.972147,device_24_55,merchant_184,22,0,160.0,1,0,0
24,273.92,2026-01-04T23:13:35.972147,device_24_55,merchant_184,23,0,1492.0,0,0,0
24,101.69,2026-01-05T00:10:01.972147,device_24_55,merchant_184,0,1,3386.0,0,0,0
24,1572.75,2026-01-05T00:31:35.972147,device_24_55,merchant_456,0,1,1294.0,0,0,0
24,1333.97,2026-01-05T00:38:14.972147,device_24_55,merchant_456,0,1,399.0,0,0,0
24,977.54,2026-01-05T01:12:10.972147,device_24_55,merchant_162,1,1,2036.0,0,0,0
24,170.23,2026-01-05T01:28:09.972147,device_24_55,merchant_162,1,1,959.0,0,0,0
24,1611.94,2026-01-05T02:08:44.972147,device_24_55,merchant_162,2,1,2435.0,0,0,0
24,1425.9,2026-01-05T02:44:21.972147,device_24_55,merchant_162,2,1,2137.0,0,0,0
24,801.89,2026-01-05T02:55:40.972147,device_24_55,merchant_162,2,1,679.0,0,0,0
24,561.09,2026-01-05T03:49:07.972147,device_24_55,merchant_716,3,1,3207.0,0,0,0
24,1898.28,2026-01-05T03:55:26.972147,device_24_55,merchant_716,3,1,379.0,0,0,0
24,1554.83,2026-01-05T04:32:58.972147,device_24_55,merchant_716,4,1,2252.0,0,0,0
24,846.19,2026-01-05T05:16:19.972147,device_24_63,merchant_716,5,0,2601.0,1,0,0
25,108.11,2026-01-04T11:54:08.972147,device_25_1,merchant_506,11,0,3303.0,0,0,0
25,801.99,2026-01-04T12:06:08.972147,device_25_1,merchant_506,12,0,720.0,0,0,0
25,261.67,2026-01-04T12:59:12.972147,device_25_1,merchant_506,12,0,3184.0,0,0,0
25,1289.06,2026-01-04T13:12:56.972147,device_25_40,merchant_857,13,0,824.0,1,0,0
25,1244.6,2026-01-04T13:59:05.972147,device_25_69,merchant_857,13,0,2769.0,1,0,0
25,1076.16,2026-01-04T14:14:11.972147,device_25_69,merchant_857,14,0,906.0,0,0,0
25,679.74,2026-01-04T15:13:16.972147,device_25_69,merchant_857,15,0,3545.0,0,1,0
25,1600.36,2026-01-04T15:56:37.972147,device_25_69,merchant_760,15,0,2601.0,0,0,0
25,1659.31,2026-01-04T16:50:31.972147,device_25_69,merchant_760,16,0,3234.0,0,0,0
25,187.4,2026-01-04T17:50:08.972147,device_25_69,merchant_760,17,0,3577.0,0,0,0
25,638.35,2026-01-04T18:22:20.972147,device_25_69,merchant_760,18,0,1932.0,0,0,0
25,1900.08,2026-01-04T18:52:10.972147,device_25_69,merchant_788,18,0,1790.0,0,1,0
25,1856.94,2026-01-04T18:58:24.972147,device_25_69,merchant_788,18,0,374.0,0,0,0
25,1889.42,2026-01-04T19:00:54.972147,device_25_69,merchant_482,19,0,150.0,0,0,0
25,1193.21,2026-01-04T19:41:56.972147,device_25_82,merchant_482,19,0,2462.0,1,0,0
25,880.25,2026-01-04T20:08:19.972147,device_25_82,merchant_482,20,0,1583.0,0,0,0
25,741.25,2026-01-04T20:17:34.972147,device_25_82,merchant_482,20,0,555.0,0,0,0
25,428.93,2026-01-04T20:34:21.972147,device_25_15,merchant_482,20,0,1007.0,1,0,0
25,638.25,2026-01-04T20:38:53.972147,device_25_15,merchant_482,20,0,272.0,0,0,0
25,333.49,2026-01-04T20:43:44.972147,device_25_30,merchant_482,20,0,291.0,1,0,0
25,566.64,2026-01-04T20:57:28.972147,device_25_65,merchant_482,20,0,824.0,1,0,0
25,172.58,2026-01-04T21:44:23.972147,device_25_65,merchant_482,21,0,2815.0,0,1,0
25,1349.52,2026-01-04T22:14:52.972147,device_25_65,merchant_482,22,0,1829.0,0,0,0
25,1102.41,2026-01-04T22:51:43.972147,device_25_65,merchant_775,22,0,2211.0,0,0,0
25,1696.41,2026-01-04T23:15:31.972147,device_25_65,merchant_492,23,0,1428.0,0,0,0
25,1268.54,2026-01-05T00:12:23.972147,device_25_65,merchant_492,0,1,3412.0,0,0,0
25,1399.41,2026-01-05T00:55:00.972147,device_25_65,merchant_870,0,1,2557.0,0,0,0
25,1836.03,2026-01-05T01:02:41.972147,device_25_6,merchant_870,1,1,461.0,1,0,0
25,1662.09,2026-01-05T01:56:12.972147,device_25_6,merchant_870,1,1,3211.0,0,0,0
25,1213.93,2026-01-05T02:51:05.972147,device_25_6,merchant_870,2,1,3293.0,0,0,0
25,1386.54,2026-01-05T02:54:50.972147,device_25_68,merchant_870,2,1,225.0,1,0,0
25,91.54,2026-01-05T03:52:07.972147,device_25_68,merchant_870,3,1,3437.0,0,0,0
25,115.09,2026-01-05T04:08:51.972147,device_25_54,merchant_870,4,1,1004.0,1,1,0
25,1235.06,2026-01-05T04:42:13.972147,device_25_54,merchant_939,4,1,2002.0,0,1,0
25,494.08,2026-01-05T05:28:31.972147,device_25_54,merchant_939,5,0,2778.0,0,0,0
25,1699.31,2026-01-05T05:28:51.972147,device_25_25,merchant_939,5,0,20.0,1,0,0
25,96.68,2026-01-05T06:18:21.972147,device_25_25,merchant_939,6,0,2970.0,0,0,0
25,285.98,2026-01-05T07:17:30.972147,device_25_25,merchant_939,7,0,3549.0,0,0,0
25,1266.06,2026-01-05T08:14:33.972147,device_25_100,merchant_939,8,0,3423.0,1,0,0
25,667.14,2026-01-05T08:50:59.972147,device_25_100,merchant_429,8,0,2186.0,0,1,0
26,665.73,2026-01-04T10:59:53.972147,device_26_1,merchant_26_1,10,0,48.0,0,0,0
26,152.31,2026-01-04T11:16:19.972147,device_26_1,merchant_26_1,11,0,986.0,0,1,0
26,1536.12,2026-01-04T11:30:03.972147,device_26_1,merchant_26_1,11,0,824.0,0,0,0
26,63.13,2026-01-04T12:01:36.972147,device_26_1,merchant_316,12,0,1893.0,0,0,0
26,1558.88,2026-01-04T12:19:40.972147,device_26_1,merchant_316,12,0,1084.0,0,0,0
26,1559.46,2026-01-04T13:11:55.972147,device_26_1,merchant_316,13,0,3135.0,0,0,0
26,1036.39,2026-01-04T13:26:00.972147,device_26_1,merchant_316,13,0,845.0,0,1,0
26,1106.47,2026-01-04T14:21:52.972147,device_26_1,merchant_316,14,0,3352.0,0,0,0
26,68.22,2026-01-04T14:26:40.972147,device_26_1,merchant_570,14,0,288.0,0,0,0
26,1740.04,2026-01-04T15:20:52.972147,device_26_1,merchant_570,15,0,3252.0,0,1,0
26,1002.19,2026-01-04T15:35:06.972147,device_26_77,merchant_570,15,0,854.0,1,1,0
26,1411.79,2026-01-04T15:36:45.972147,device_26_77,merchant_981,15,0,99.0,0,1,0
26,1061.82,2026-01-04T16:30:36.972147,device_26_11,merchant_371,16,0,3231.0,1,0,0
26,1146.36,2026-01-04T17:19:29.972147,device_26_11,merchant_371,17,0,2933.0,0,0,0
26,1850.34,2026-01-04T17:33:57.972147,device_26_11,merchant_421,17,0,868.0,0,0,0
26,1479.8,2026-01-04T17:59:39.972147,device_26_11,merchant_343,17,0,1542.0,0,0,0
26,910.08,2026-01-04T18:18:53.972147,device_26_11,merchant_343,18,0,1154.0,0,0,0
26,1117.51,2026-01-04T18:35:04.972147,device_26_11,merchant_792,18,0,971.0,0,0,0
26,597.56,2026-01-04T18:58:36.972147,device_26_11,merchant_314,18,0,1412.0,0,1,0
26,1863.09,2026-01-04T19:02:42.972147,device_26_11,merchant_314,19,0,246.0,0,0,0
26,1158.8,2026-01-04T19:29:45.972147,device_26_11,merchant_314,19,0,1623.0,0,0,0
26,1380.09,2026-01-04T20:13:51.972147,device_26_11,merchant_314,20,0,2646.0,0,0,0
26,324.3,2026-01-04T20:38:25.972147,device_26_11,merchant_314,20,0,1474.0,0,0,0
26,313.13,2026-01-04T20:45:35.972147,device_26_11,merchant_314,20,0,430.0,0,0,0
26,1041.31,2026-01-04T21:17:32.972147,device_26_11,merchant_314,21,0,1917.0,0,0,0
26,1638.17,2026-01-04T21:41:47.972147,device_26_11,merchant_314,21,0,1455.0,0,1,0
26,686.77,2026-01-04T22:06:54.972147,device_26_11,merchant_314,22,0,1507.0,0,1,0
26,886.09,2026-01-04T22:17:24.972147,device_26_98,merchant_314,22,0,630.0,1,0,0
26,244.77,2026-01-04T22:19:41.972147,device_26_98,merchant_314,22,0,137.0,0,0,0
26,1184.58,2026-01-04T22:50:11.972147,device_26_98,merchant_672,22,0,1830.0,0,0,0
26,424.03,2026-01-04T23:33:11.972147,device_26_98,merchant_672,23,0,2580.0,0,0,0
26,297.58,2026-01-05T00:04:59.972147,device_26_86,merchant_672,0,1,1908.0,1,1,0
26,502.54,2026-01-05T00:44:01.972147,device_26_86,merchant_672,0,1,2342.0,0,0,0
26,1763.14,2026-01-05T01:39:40.972147,device_26_86,merchant_672,1,1,3339.0,0,0,0
26,366.31,2026-01-05T02:29:03.972147,device_26_86,merchant_672,2,1,2963.0,0,0,0
26,1144.75,2026-01-05T03:06:58.972147,device_26_86,merchant_672,3,1,2275.0,0,0,0
26,743.34,2026-01-05T03:07:27.972147,device_26_86,merchant_672,3,1,29.0,0,0,0
26,1388.98,2026-01-05T03:32:14.972147,device_26_86,merchant_672,3,1,1487.0,0,0,0
26,1956.43,2026-01-05T04:08:39.972147,device_26_86,merchant_618,4,1,2185.0,0,0,0
26,1713.94,2026-01-05T04:46:39.972147,device_26_86,merchant_618,4,1,2280.0,0,0,0
27,262.76,2026-01-04T11:34:21.972147,device_27_1,merchant_27_1,11,0,2116.0,0,0,0
27,1623.79,2026-01-04T11:39:01.972147,device_27_1,merchant_404,11,0,280.0,0,0,0
27,271.76,2026-01-04T11:52:40.972147,device_27_1,merchant_404,11,0,819.0,0,0,0
27,1271.02,2026-01-04T12:46:30.972147,device_27_1,merchant_404,12,0,3230.0,0,0,0
27,845.11,2026-01-04T13:45:11.972147,device_27_1,merchant_182,13,0,3521.0,0,0,0
27,748.09,2026-01-04T14:01:36.972147,device_27_1,merchant_182,14,0,985.0,0,0,0
27,259.91,2026-01-04T14:12:43.972147,device_27_1,merchant_182,14,0,667.0,0,0,0
27,594.32,2026-01-04T14:23:31.972147,device_27_98,merchant_182,14,0,648.0,1,0,0
27,1427.83,2026-01-04T15:14:27.972147,device_27_98,merchant_182,15,0,3056.0,0,0,0
27,1991.22,2026-01-04T16:03:46.972147,device_27_98,merchant_182,16,0,2959.0,0,0,0
27,1547.29,2026-01-04T16:15:30.972147,device_27_98,merchant_182,16,0,704.0,0,1,0
27,202.16,2026-01-04T17:14:40.972147,device_27_98,merchant_182,17,0,3550.0,0,0,0
27,1984.75,2026-01-04T17:37:18.972147,device_27_98,merchant_182,17,0,1358.0,0,0,0
27,1745.82,2026-01-04T18:10:28.972147,device_27_98,merchant_182,18,0,1990.0,0,0,0
27,645.37,2026-01-04T18:33:28.972147,device_27_98,merchant_182,18,0,1380.0,0,0,0
27,1347.98,2026-01-04T19:10:52.972147,device_27_98,merchant_207,19,0,2244.0,0,0,0
27,1284.65,2026-01-04T19:55:39.972147,device_27_98,merchant_222,19,0,2687.0,0,0,0
27,177.98,2026-01-04T19:58:19.972147,device_27_98,merchant_222,19,0,160.0,0,1,0
27,1747.77,2026-01-04T20:09:24.972147,device_27_98,merchant_222,20,0,665.0,0,0,0
27,876.49,2026-01-04T20:38:21.972147,device_27_98,merchant_222,20,0,1737.0,0,0,0
27,1892.56,2026-01-04T21:31:12.972147,device_27_98,merchant_222,21,0,3171.0,0,0,0
27,1411.78,2026-01-04T22:17:37.972147,device_27_98,merchant_222,22,0,2785.0,0,1,0
27,1331.76,2026-01-04T22:23:14.972147,device_27_98,merchant_904,22,0,337.0,0,0,0
27,1045.51,2026-01-04T23:17:34.972147,device_27_98,merchant_904,23,0,3260.0,0,0,0
27,944.11,2026-01-04T23:18:02.972147,device_27_98,merchant_904,23,0,28.0,0,1,0
27,243.48,2026-01-04T23:46:20.972147,device_27_98,merchant_904,23,0,1698.0,0,0,0
27,1804.22,2026-01-05T00:44:38.972147,device_27_98,merchant_904,0,1,3498.0,0,0,0
27,365.76,2026-01-05T01:30:06.972147,device_27_98,merchant_904,1,1,2728.0,0,0,0
27,1072.49,2026-01-05T01:54:56.972147,device_27_98,merchant_904,1,1,1490.0,0,0,0
27,225.06,2026-01-05T02:14:06.972147,device_27_98,merchant_904,2,1,1150.0,0,0,0
27,756.63,2026-01-05T02:51:42.972147,device_27_98,merchant_904,2,1,2256.0,0,0,0
27,1387.0,2026-01-05T03:43:28.972147,device_27_98,merchant_867,3,1,3106.0,0,0,0
27,934.42,2026-01-05T03:55:29.972147,device_27_98,merchant_867,3,1,721.0,0,0,0
27,115.92,2026-01-05T04:48:56.972147,device_27_98,merchant_867,4,1,3207.0,0,0,0
27,1281.98,2026-01-05T05:22:53.972147,device_27_98,merchant_300,5,0,2037.0,0,0,0
27,908.57,2026-01-05T05:29:04.972147,device_27_98,merchant_300,5,0,371.0,0,0,0
27,1971.85,2026-01-05T05:39:59.972147,device_27_12,merchant_300,5,0,655.0,1,0,0
27,1939.38,2026-01-05T06:20:37.972147,device_27_54,merchant_300,6,0,2438.0,1,0,0
27,1550.57,2026-01-05T07:11:18.972147,device_27_54,merchant_300,7,0,3041.0,0,0,0
27,1289.5,2026-01-05T07:38:52.972147,device_27_54,merchant_381,7,0,1654.0,0,0,0
28,1781.48,2026-01-04T11:53:48.972147,device_28_1,merchant_28_1,11,0,3283.0,0,0,0
28,442.19,2026-01-04T12:36:17.972147,device_28_1,merchant_28_1,12,0,2549.0,0,0,0
28,1058.21,2026-01-04T12:49:26.972147,device_28_1,merchant_28_1,12,0,789.0,0,0,0
28,1146.58,2026-01-04T13:11:24.972147,device_28_20,merchant_28_1,13,0,1318.0,1,0,0
28,1650.07,2026-01-04T13:13:48.972147,device_28_20,merchant_28_1,13,0,144.0,0,0,0
28,245.26,2026-01-04T14:11:55.972147,device_28_20,merchant_28_1,14,0,3487.0,0,0,0
28,1242.61,2026-01-04T14:36:11.972147,device_28_20,merchant_28_1,14,0,1456.0,0,0,0
28,669.65,2026-01-04T15:22:11.972147,device_28_20,merchant_28_1,15,0,2760.0,0,0,0
28,1703.09,2026-01-04T15:34:11.972147,device_28_20,merchant_28_1,15,0,720.0,0,0,0
28,1715.58,2026-01-04T15:44:50.972147,device_28_20,merchant_28_1,15,0,639.0,0,1,0
28,1152.23,2026-01-04T15:54:55.972147,device_28_20,merchant_28_1,15,0,605.0,0,0,0
28,448.64,2026-01-04T16:07:48.972147,device_28_20,merchant_28_1,16,0,773.0,0,0,0
28,165.02,2026-01-04T16:51:03.972147,device_28_20,merchant_28_1,16,0,2595.0,0,0,0
28,107.0,2026-01-04T16:53:50.972147,device_28_20,merchant_28_1,16,0,167.0,0,0,0
28,731.81,2026-01-04T17:03:07.972147,device_28_20,merchant_946,17,0,557.0,0,0,0
28,1731.06,2026-01-04T18:01:24.972147,device_28_20,merchant_946,18,0,3497.0,0,0,0
28,1839.95,2026-01-04T18:39:32.972147,device_28_20,merchant_946,18,0,2288.0,0,0,0
28,1179.21,2026-01-04T19:36:32.972147,device_28_20,merchant_946,19,0,3420.0,0,0,0
28,144.84,2026-01-04T20:18:20.972147,device_28_20,merchant_946,20,0,2508.0,0,0,0
28,446.52,2026-01-04T20:30:16.972147,device_28_20,merchant_946,20,0,716.0,0,0,0
28,1778.74,2026-01-04T20:38:32.972147,device_28_20,merchant_946,20,0,496.0,0,0,0
28,1598.7,2026-01-04T21:01:58.972147,device_28_56,merchant_946,21,0,1406.0,1,0,0
28,1730.27,2026-01-04T21:16:19.972147,device_28_56,merchant_946,21,0,861.0,0,0,0
28,872.36,2026-01-04T21:36:46.972147,device_28_56,merchant_946,21,0,1227.0,0,0,0
28,1525.26,2026-01-04T22:12:37.972147,device_28_56,merchant_946,22,0,2151.0,0,0,0
28,991.9,2026-01-04T22:59:20.972147,device_28_56,merchant_946,22,0,2803.0,0,0,0
28,1456.55,2026-01-04T23:35:44.972147,device_28_27,merchant_946,23,0,2184.0,1,0,0
28,637.85,2026-01-05T00:06:57.972147,device_28_27,merchant_946,0,1,1873.0,0,0,0
28,839.61,2026-01-05T00:49:52.972147,device_28_27,merchant_946,0,1,2575.0,0,0,0
28,1629.89,2026-01-05T01:02:17.972147,device_28_27,merchant_946,1,1,745.0,0,0,0
28,288.36,2026-01-05T01:41:04.972147,device_28_27,merchant_946,1,1,2327.0,0,0,0
28,1393.29,2026-01-05T01:57:25.972147,device_28_27,merchant_946,1,1,981.0,0,0,0
28,1281.14,2026-01-05T02:09:15.972147,device_28_67,merchant_946,2,1,710.0,1,0,0
28,907.54,2026-01-05T02:49:01.972147,device_28_67,merchant_946,2,1,2386.0,0,0,0
28,1167.11,2026-01-05T03:16:07.972147,device_28_67,merchant_946,3,1,1626.0,0,0,0
28,665.92,2026-01-05T03:58:53.972147,device_28_67,merchant_946,3,1,2566.0,0,0,0
28,1670.85,2026-01-05T04:50:57.972147,device_28_67,merchant_946,4,1,3124.0,0,0,0
28,159.67,2026-01-05T05:30:37.972147,device_28_67,merchant_946,5,0,2380.0,0,0,0
28,723.67,2026-01-05T06:22:52.972147,device_28_67,merchant_265,6,0,3135.0,0,0,0
28,1359.91,2026-01-05T06:38:02.972147,device_28_67,merchant_265,6,0,910.0,0,0,0
29,322.39,2026-01-04T11:23:52.972147,device_29_1,merchant_29_1,11,0,1487.0,0,0,0
29,693.12,2026-01-04T11:56:01.972147,device_29_1,merchant_29_1,11,0,1929.0,0,0,0
29,1753.82,2026-01-04T12:15:29.972147,device_29_1,merchant_29_1,12,0,1168.0,0,0,0
29,1041.35,2026-01-04T13:05:41.972147,device_29_1,merchant_29_1,13,0,3012.0,0,0,0
29,1556.17,2026-01-04T13:15:31.972147,device_29_1,merchant_29_1,13,0,590.0,0,0,0
29,1372.53,2026-01-04T13:22:39.972147,device_29_1,merchant_29_1,13,0,428.0,0,0,0
29,1259.02,2026-01-04T14:06:32.972147,device_29_1,merchant_29_1,14,0,2633.0,0,0,0
29,254.95,2026-01-04T14:42:01.972147,device_29_1,merchant_29_1,14,0,2129.0,0,0,0
29,59.7,2026-01-04T15:36:07.972147,device_29_1,merchant_159,15,0,3246.0,0,0,0
29,183.32,2026-01-04T16:03:22.972147,device_29_1,merchant_159,16,0,1635.0,0,0,0
29,484.4,2026-01-04T16:59:06.972147,device_29_1,merchant_159,16,0,3344.0,0,0,0
29,1987.85,2026-01-04T17:36:31.972147,device_29_1,merchant_292,17,0,2245.0,0,0,0
29,395.09,2026-01-04T18:16:46.972147,device_29_1,merchant_292,18,0,2415.0,0,0,0
29,1009.65,2026-01-04T18:55:32.972147,device_29_1,merchant_796,18,0,2326.0,0,0,0
29,1240.96,2026-01-04T19:30:58.972147,device_29_1,merchant_796,19,0,2126.0,0,0,0
29,1667.53,2026-01-04T20:14:08.972147,device_29_1,merchant_796,20,0,2590.0,0,0,0
29,1474.58,2026-01-04T20:58:45.972147,device_29_1,merchant_796,20,0,2677.0,0,0,0
29,839.07,2026-01-04T21:32:25.972147,device_29_1,merchant_796,21,0,2020.0,0,0,0
29,981.96,2026-01-04T22:11:12.972147,device_29_1,merchant_796,22,0,2327.0,0,0,0
29,1599.54,2026-01-04T22:50:37.972147,device_29_1,merchant_796,22,0,2365.0,0,0,0
29,842.85,2026-01-04T23:47:36.972147,device_29_54,merchant_796,23,0,3419.0,1,0,0
29,353.93,2026-01-05T00:35:29.972147,device_29_54,merchant_796,0,1,2873.0,0,0,0
29,243.85,2026-01-05T01:30:16.972147,device_29_54,merchant_796,1,1,3287.0,0,1,0
29,435.91,2026-01-05T02:05:50.972147,device_29_54,merchant_796,2,1,2134.0,0,0,0
29,1903.22,2026-01-05T03:03:29.972147,device_29_54,merchant_796,3,1,3459.0,0,1,0
29,1126.34,2026-01-05T03:19:29.972147,device_29_53,merchant_796,3,1,960.0,1,0,0
29,1152.24,2026-01-05T03:57:58.972147,device_29_53,merchant_796,3,1,2309.0,0,1,0
29,394.43,2026-01-05T04:20:16.972147,device_29_53,merchant_553,4,1,1338.0,0,0,0
29,538.15,2026-01-05T04:27:47.972147,device_29_53,merchant_553,4,1,451.0,0,0,0
29,912.35,2026-01-05T04:52:24.972147,device_29_53,merchant_553,4,1,1477.0,0,0,0
29,311.36,2026-01-05T05:27:06.972147,device_29_53,merchant_994,5,0,2082.0,0,0,0
29,777.3,2026-01-05T05:50:05.972147,device_29_53,merchant_994,5,0,1379.0,0,0,0
29,881.01,2026-01-05T06:48:05.972147,device_29_53,merchant_994,6,0,3480.0,0,0,0
29,1466.66,2026-01-05T06:58:32.972147,device_29_53,merchant_994,6,0,627.0,0,0,0
29,1338.28,2026-01-05T07:18:29.972147,device_29_53,merchant_994,7,0,1197.0,0,0,0
29,937.03,2026-01-05T07:36:37.972147,device_29_65,merchant_994,7,0,1088.0,1,0,0
29,1585.13,2026-01-05T07:51:56.972147,device_29_65,merchant_994,7,0,919.0,0,0,0
29,1170.57,2026-01-05T08:01:01.972147,device_29_65,merchant_994,8,0,545.0,0,0,0
29,1615.0,2026-01-05T08:21:24.972147,device_29_93,merchant_121,8,0,1223.0,1,0,0
29,941.98,2026-01-05T08:43:28.972147,device_29_93,merchant_121,8,0,1324.0,0,0,0
30,1981.86,2026-01-04T11:31:30.972147,device_30_1,merchant_161,11,0,1945.0,0,0,0
30,1728.48,2026-01-04T12:13:13.972147,device_30_1,merchant_161,12,0,2503.0,0,0,0
30,728.8,2026-01-04T12:30:29.972147,device_30_1,merchant_940,12,0,1036.0,0,0,0
30,1453.78,2026-01-04T13:10:42.972147,device_30_1,merchant_940,13,0,2413.0,0,0,0
30,969.01,2026-01-04T13:32:42.972147,device_30_1,merchant_940,13,0,1320.0,0,0,0
30,1206.02,2026-01-04T14:21:35.972147,device_30_1,merchant_940,14,0,2933.0,0,0,0
30,1095.4,2026-01-04T14:27:03.972147,device_30_1,merchant_620,14,0,328.0,0,0,0
30,1216.06,2026-01-04T14:29:50.972147,device_30_1,merchant_620,14,0,167.0,0,0,0
30,1166.24,2026-01-04T14:41:49.972147,device_30_1,merchant_620,14,0,719.0,0,0,0
30,1886.64,2026-01-04T15:20:31.972147,device_30_1,merchant_620,15,0,2322.0,0,0,0
30,1961.71,2026-01-04T15:32:16.972147,device_30_1,merchant_620,15,0,705.0,0,0,0
30,1426.21,2026-01-04T16:28:11.972147,device_30_1,merchant_101,16,0,3355.0,0,0,0
30,989.34,2026-01-04T16:40:48.972147,device_30_1,merchant_101,16,0,757.0,0,0,0
30,1771.25,2026-01-04T17:31:06.972147,device_30_74,merchant_101,17,0,3018.0,1,0,0
30,1539.47,2026-01-04T18:01:55.972147,device_30_74,merchant_330,18,0,1849.0,0,0,0
30,1991.06,2026-01-04T18:26:57.972147,device_30_74,merchant_330,18,0,1502.0,0,0,0
30,392.07,2026-01-04T18:54:12.972147,device_30_74,merchant_330,18,0,1635.0,0,0,0
30,619.97,2026-01-04T19:26:03.972147,device_30_74,merchant_330,19,0,1911.0,0,0,0
30,1422.79,2026-01-04T19:34:26.972147,device_30_74,merchant_330,19,0,503.0,0,0,0
30,1325.78,2026-01-04T20:27:51.972147,device_30_74,merchant_330,20,0,3205.0,0,0,0
30,1293.08,2026-01-04T20:50:20.972147,device_30_74,merchant_330,20,0,1349.0,0,0,0
30,1435.84,2026-01-04T21:34:07.972147,device_30_74,merchant_330,21,0,2627.0,0,0,0
30,1690.52,2026-01-04T22:09:47.972147,device_30_74,merchant_330,22,0,2140.0,0,0,0
30,1918.95,2026-01-04T22:12:46.972147,device_30_74,merchant_622,22,0,179.0,0,0,0
30,99.88,2026-01-04T22:56:19.972147,device_30_74,merchant_622,22,0,2613.0,0,0,0
30,415.27,2026-01-04T23:30:06.972147,device_30_74,merchant_622,23,0,2027.0,0,0,0
30,1914.02,2026-01-05T00:09:50.972147,device_30_74,merchant_622,0,1,2384.0,0,0,0
30,835.13,2026-01-05T00:50:53.972147,device_30_74,merchant_622,0,1,2463.0,0,0,0
30,1739.05,2026-01-05T01:09:42.972147,device_30_74,merchant_881,1,1,1129.0,0,0,0
30,864.3,2026-01-05T01:43:58.972147,device_30_74,merchant_881,1,1,2056.0,0,0,0
30,1928.72,2026-01-05T02:23:15.972147,device_30_74,merchant_881,2,1,2357.0,0,0,0
30,1413.49,2026-01-05T03:14:33.972147,device_30_74,merchant_881,3,1,3078.0,0,0,0
30,1306.33,2026-01-05T04:00:38.972147,device_30_74,merchant_881,4,1,2765.0,0,1,0
30,924.39,2026-01-05T04:43:32.972147,device_30_74,merchant_881,4,1,2574.0,0,0,0
30,935.21,2026-01-05T04:48:58.972147,device_30_74,merchant_881,4,1,326.0,0,0,0
30,1940.89,2026-01-05T05:17:48.972147,device_30_74,merchant_881,5,0,1730.0,0,0,0
30,466.47,2026-01-05T06:09:45.972147,device_30_74,merchant_881,6,0,3117.0,0,0,0
30,1536.78,2026-01-05T07:04:38.972147,device_30_74,merchant_100,7,0,3293.0,0,0,0
30,1151.26,2026-01-05T07:55:30.972147,device_30_74,merchant_100,7,0,3052.0,0,0,0
30,331.48,2026-01-05T08:14:24.972147,device_30_74,merchant_100,8,0,1134.0,0,0,0
31,1329.51,2026-01-04T11:06:49.972147,device_31_1,merchant_463,11,0,464.0,0,0,0
31,1487.83,2026-01-04T11:48:47.972147,device_31_1,merchant_463,11,0,2518.0,0,0,0
31,256.63,2026-01-04T12:05:07.972147,device_31_1,merchant_463,12,0,980.0,0,0,0
31,786.36,2026-01-04T12:20:48.972147,device_31_1,merchant_463,12,0,941.0,0,0,0
31,436.82,2026-01-04T12:59:08.972147,device_31_1,merchant_435,12,0,2300.0,0,1,0
31,1113.88,2026-01-04T13:22:32.972147,device_31_1,merchant_435,13,0,1404.0,0,0,0
31,652.96,2026-01-04T14:02:59.972147,device_31_1,merchant_435,14,0,2427.0,0,0,0
31,941.78,2026-01-04T14:38:04.972147,device_31_1,merchant_261,14,0,2105.0,0,0,0
31,71.26,2026-01-04T15:35:33.972147,device_31_1,merchant_261,15,0,3449.0,0,0,0
31,768.2,2026-01-04T16:03:07.972147,device_31_1,merchant_261,16,0,1654.0,0,0,0
31,744.05,2026-01-04T16:14:38.972147,device_31_1,merchant_261,16,0,691.0,0,0,0
31,1512.59,2026-01-04T16:54:18.972147,device_31_1,merchant_346,16,0,2380.0,0,0,0
31,1116.61,2026-01-04T17:08:41.972147,device_31_1,merchant_894,17,0,863.0,0,0,0
31,385.94,2026-01-04T17:47:00.972147,device_31_1,merchant_894,17,0,2299.0,0,0,0
31,1939.59,2026-01-04T18:21:14.972147,device_31_1,merchant_894,18,0,2054.0,0,1,0
31,1312.79,2026-01-04T19:02:50.972147,device_31_1,merchant_894,19,0,2496.0,0,0,0
31,1749.72,2026-01-04T20:02:32.972147,device_31_1,merchant_894,20,0,3582.0,0,0,0
31,1483.95,2026-01-04T20:27:33.972147,device_31_1,merchant_894,20,0,1501.0,0,1,0
31,1304.56,2026-01-04T21:06:30.972147,device_31_1,merchant_447,21,0,2337.0,0,0,0
31,1598.71,2026-01-04T21:09:32.972147,device_31_1,merchant_447,21,0,182.0,0,0,0
31,458.19,2026-01-04T21:58:22.972147,device_31_1,merchant_447,21,0,2930.0,0,0,0
31,153.42,2026-01-04T22:40:09.972147,device_31_1,merchant_447,22,0,2507.0,0,0,0
31,381.49,2026-01-04T23:30:13.972147,device_31_1,merchant_447,23,0,3004.0,0,0,0
31,1188.81,2026-01-05T00:17:59.972147,device_31_1,merchant_447,0,1,2866.0,0,0,0
31,1320.08,2026-01-05T01:12:48.972147,device_31_1,merchant_447,1,1,3289.0,0,0,0
31,1197.51,2026-01-05T02:04:26.972147,device_31_1,merchant_592,2,1,3098.0,0,0,0
31,1341.78,2026-01-05T02:44:07.972147,device_31_1,merchant_592,2,1,2381.0,0,0,0
31,912.0,2026-01-05T03:39:01.972147,device_31_1,merchant_592,3,1,3294.0,0,0,0
31,196.35,2026-01-05T04:17:01.972147,device_31_1,merchant_592,4,1,2280.0,0,1,0
31,1884.07,2026-01-05T05:03:13.972147,device_31_22,merchant_592,5,0,2772.0,1,0,0
31,1963.74,2026-01-05T05:06:53.972147,device_31_78,merchant_151,5,0,220.0,1,0,0
31,1319.28,2026-01-05T05:39:23.972147,device_31_78,merchant_344,5,0,1950.0,0,0,0
31,1898.87,2026-01-05T05:42:29.972147,device_31_78,merchant_344,5,0,186.0,0,1,0
31,713.66,2026-01-05T06:25:57.972147,device_31_78,merchant_344,6,0,2608.0,0,0,0
31,1955.65,2026-01-05T07:00:34.972147,device_31_78,merchant_344,7,0,2077.0,0,0,0
31,963.47,2026-01-05T07:09:32.972147,device_31_78,merchant_344,7,0,538.0,0,0,0
31,1863.87,2026-01-05T07:11:31.972147,device_31_18,merchant_344,7,0,119.0,1,0,0
31,1041.25,2026-01-05T07:35:13.972147,device_31_58,merchant_686,7,0,1422.0,1,0,0
31,1805.47,2026-01-05T07:51:47.972147,device_31_33,merchant_686,7,0,994.0,1,1,0
31,498.23,2026-01-05T08:16:56.972147,device_31_33,merchant_686,8,0,1509.0,0,0,0
32,608.01,2026-01-04T11:24:50.972147,device_32_40,merchant_32_1,11,0,1545.0,1,0,0
32,329.91,2026-01-04T12:12:48.972147,device_32_40,merchant_32_1,12,0,2878.0,0,0,0
32,657.93,2026-01-04T12:55:38.972147,device_32_40,merchant_671,12,0,2570.0,0,0,0
32,1035.2,2026-01-04T13:42:19.972147,device_32_40,merchant_671,13,0,2801.0,0,0,0
32,371.01,2026-01-04T13:48:24.972147,device_32_40,merchant_671,13,0,365.0,0,0,0
32,136.66,2026-01-04T14:07:52.972147,device_32_40,merchant_671,14,0,1168.0,0,0,0
32,474.53,2026-01-04T15:01:56.972147,device_32_40,merchant_671,15,0,3244.0,0,0,0
32,639.39,2026-01-04T15:18:54.972147,device_32_40,merchant_671,15,0,1018.0,0,0,0
32,1033.56,2026-01-04T16:10:36.972147,device_32_40,merchant_671,16,0,3102.0,0,0,0
32,1543.66,2026-01-04T16:25:14.972147,device_32_40,merchant_671,16,0,878.0,0,0,0
32,786.99,2026-01-04T16:29:03.972147,device_32_40,merchant_671,16,0,229.0,0,1,0
32,417.29,2026-01-04T16:42:08.972147,device_32_40,merchant_671,16,0,785.0,0,0,0
32,1938.23,2026-01-04T17:32:28.972147,device_32_40,merchant_671,17,0,3020.0,0,0,0
32,996.42,2026-01-04T17:39:33.972147,device_32_40,merchant_671,17,0,425.0,0,0,0
32,1213.14,2026-01-04T18:20:07.972147,device_32_40,merchant_671,18,0,2434.0,0,0,0
32,774.12,2026-01-04T18:22:06.972147,device_32_40,merchant_671,18,0,119.0,0,0,0
32,1715.6,2026-01-04T18:46:59.972147,device_32_40,merchant_555,18,0,1493.0,0,0,0
32,1741.55,2026-01-04T18:47:29.972147,device_32_40,merchant_555,18,0,30.0,0,0,0
32,503.33,2026-01-04T19:34:14.972147,device_32_40,merchant_555,19,0,2805.0,0,0,0
32,144.08,2026-01-04T20:24:45.972147,device_32_40,merchant_555,20,0,3031.0,0,0,0
32,353.68,2026-01-04T20:38:59.972147,device_32_40,merchant_555,20,0,854.0,0,0,0
32,1182.01,2026-01-04T21:11:09.972147,device_32_40,merchant_433,21,0,1930.0,0,1,0
32,1589.03,2026-01-04T21:12:58.972147,device_32_40,merchant_324,21,0,109.0,0,0,0
32,992.06,2026-01-04T21:21:05.972147,device_32_40,merchant_324,21,0,487.0,0,0,0
32,108.67,2026-01-04T21:33:12.972147,device_32_40,merchant_324,21,0,727.0,0,0,0
32,1774.06,2026-01-04T22:16:48.972147,device_32_40,merchant_324,22,0,2616.0,0,0,0
32,1421.61,2026-01-04T23:14:55.972147,device_32_40,merchant_201,23,0,3487.0,0,0,0
32,600.67,2026-01-04T23:38:57.972147,device_32_40,merchant_201,23,0,1442.0,0,0,0
32,1976.71,2026-01-05T00:14:59.972147,device_32_40,merchant_201,0,1,2162.0,0,0,0
32,1331.84,2026-01-05T01:11:27.972147,device_32_40,merchant_201,1,1,3388.0,0,0,0
32,894.04,2026-01-05T01:17:06.972147,device_32_40,merchant_201,1,1,339.0,0,0,0
32,623.66,2026-01-05T01:54:24.972147,device_32_40,merchant_201,1,1,2238.0,0,0,0
32,424.05,2026-01-05T02:13:39.972147,device_32_40,merchant_509,2,1,1155.0,0,0,0
32,132.04,2026-01-05T02:57:42.972147,device_32_40,merchant_509,2,1,2643.0,0,0,0
32,762.55,2026-01-05T03:06:46.972147,device_32_40,merchant_453,3,1,544.0,0,0,0
32,1227.09,2026-01-05T03:33:27.972147,device_32_40,merchant_453,3,1,1601.0,0,0,0
32,755.79,2026-01-05T03:44:35.972147,device_32_34,merchant_453,3,1,668.0,1,0,0
32,1994.15,2026-01-05T04:37:31.972147,device_32_36,merchant_453,4,1,3176.0,1,0,0
32,178.61,2026-01-05T05:09:14.972147,device_32_54,merchant_453,5,0,1903.0,1,1,0
32,1279.69,2026-01-05T05:36:12.972147,device_32_54,merchant_453,5,0,1618.0,0,0,0
33,777.49,2026-01-04T11:06:02.972147,device_33_66,merchant_854,11,0,417.0,1,0,0
33,726.65,2026-01-04T11:47:33.972147,device_33_66,merchant_593,11,0,2491.0,0,0,0
33,1819.27,2026-01-04T11:48:48.972147,device_33_66,merchant_641,11,0,75.0,0,0,0
33,1212.96,2026-01-04T12:33:50.972147,device_33_47,merchant_641,12,0,2702.0,1,0,0
33,1961.59,2026-01-04T12:41:26.972147,device_33_47,merchant_774,12,0,456.0,0,0,0
33,1728.14,2026-01-04T13:16:39.972147,device_33_100,merchant_774,13,0,2113.0,1,0,0
33,1385.01,2026-01-04T13:44:28.972147,device_33_100,merchant_325,13,0,1669.0,0,0,0
33,891.95,2026-01-04T14:34:13.972147,device_33_100,merchant_325,14,0,2985.0,0,0,0
33,778.22,2026-01-04T15:26:51.972147,device_33_100,merchant_578,15,0,3158.0,0,1,0
33,386.41,2026-01-04T16:26:05.972147,device_33_100,merchant_578,16,0,3554.0,0,0,0
33,558.15,2026-01-04T16:43:47.972147,device_33_100,merchant_578,16,0,1062.0,0,1,0
33,824.95,2026-01-04T17:43:32.972147,device_33_100,merchant_578,17,0,3585.0,0,0,0
33,1186.91,2026-01-04T17:56:53.972147,device_33_100,merchant_941,17,0,801.0,0,0,0
33,1603.3,2026-01-04T18:09:37.972147,device_33_88,merchant_941,18,0,764.0,1,0,0
33,862.31,2026-01-04T18:58:06.972147,device_33_88,merchant_941,18,0,2909.0,0,0,0
33,1412.55,2026-01-04T19:23:44.972147,device_33_53,merchant_592,19,0,1538.0,1,0,0
33,1946.0,2026-01-04T19:43:59.972147,device_33_53,merchant_592,19,0,1215.0,0,0,0
33,445.04,2026-01-04T20:04:19.972147,device_33_53,merchant_592,20,0,1220.0,0,1,0
33,798.02,2026-01-04T20:12:58.972147,device_33_29,merchant_592,20,0,519.0,1,0,0
33,1363.86,2026-01-04T20:18:45.972147,device_33_29,merchant_592,20,0,347.0,0,0,0
33,924.88,2026-01-04T21:15:41.972147,device_33_29,merchant_592,21,0,3416.0,0,0,0
33,639.38,2026-01-04T22:11:26.972147,device_33_29,merchant_855,22,0,3345.0,0,0,0
33,190.47,2026-01-04T22:17:37.972147,device_33_25,merchant_855,22,0,371.0,1,0,0
33,327.57,2026-01-04T22:26:54.972147,device_33_25,merchant_855,22,0,557.0,0,0,0
33,157.48,2026-01-04T22:32:26.972147,device_33_53,merchant_855,22,0,332.0,1,0,0
33,1070.83,2026-01-04T23:04:23.972147,device_33_53,merchant_855,23,0,1917.0,0,0,0
33,1304.96,2026-01-04T23:19:42.972147,device_33_53,merchant_855,23,0,919.0,0,0,0
33,1986.78,2026-01-05T00:05:22.972147,device_33_53,merchant_823,0,1,2740.0,0,0,0
33,1413.65,2026-01-05T01:04:56.972147,device_33_53,merchant_467,1,1,3574.0,0,1,0
33,653.24,2026-01-05T01:20:54.972147,device_33_53,merchant_467,1,1,958.0,0,0,0
33,1482.35,2026-01-05T02:17:32.972147,device_33_87,merchant_467,2,1,3398.0,1,0,0
33,1825.79,2026-01-05T03:04:19.972147,device_33_48,merchant_194,3,1,2807.0,1,0,0
33,1317.57,2026-01-05T03:05:36.972147,device_33_48,merchant_865,3,1,77.0,0,0,0
33,537.48,2026-01-05T03:41:38.972147,device_33_48,merchant_865,3,1,2162.0,0,0,0
33,1990.76,2026-01-05T04:23:45.972147,device_33_48,merchant_865,4,1,2527.0,0,0,0
33,1376.08,2026-01-05T04:45:24.972147,device_33_48,merchant_865,4,1,1299.0,0,0,0
33,1409.7,2026-01-05T05:17:16.972147,device_33_48,merchant_865,5,0,1912.0,0,0,0
33,754.75,2026-01-05T05:51:13.972147,device_33_48,merchant_865,5,0,2037.0,0,0,0
33,1396.4,2026-01-05T06:21:21.972147,device_33_48,merchant_865,6,0,1808.0,0,0,0
33,1336.99,2026-01-05T06:52:27.972147,device_33_48,merchant_865,6,0,1866.0,0,0,0
34,471.71,2026-01-04T11:11:19.972147,device_34_1,merchant_34_1,11,0,734.0,0,0,0
34,301.35,2026-01-04T11:38:19.972147,device_34_1,merchant_34_1,11,0,1620.0,0,0,0
34,1838.17,2026-01-04T11:51:57.972147,device_34_1,merchant_34_1,11,0,818.0,0,0,0
34,932.86,2026-01-04T12:01:56.972147,device_34_1,merchant_34_1,12,0,599.0,0,0,0
34,1236.28,2026-01-04T12:37:26.972147,device_34_1,merchant_778,12,0,2130.0,0,0,0
34,1451.88,2026-01-04T13:01:07.972147,device_34_1,merchant_778,13,0,1421.0,0,0,0
34,1942.9,2026-01-04T13:43:34.972147,device_34_1,merchant_778,13,0,2547.0,0,0,0
34,838.0,2026-01-04T14:38:16.972147,device_34_1,merchant_232,14,0,3282.0,0,0,0
34,951.12,2026-01-04T15:17:25.972147,device_34_1,merchant_232,15,0,2349.0,0,0,0
34,1262.48,2026-01-04T16:06:16.972147,device_34_10,merchant_232,16,0,2931.0,1,0,0
34,358.49,2026-01-04T16:48:59.972147,device_34_10,merchant_232,16,0,2563.0,0,0,0
34,1539.25,2026-01-04T17:48:17.972147,device_34_10,merchant_232,17,0,3558.0,0,0,0
34,821.96,2026-01-04T17:52:01.972147,device_34_10,merchant_232,17,0,224.0,0,1,0
34,1678.27,2026-01-04T17:54:52.972147,device_34_10,merchant_232,17,0,171.0,0,0,0
34,594.48,2026-01-04T18:14:18.972147,device_34_10,merchant_232,18,0,1166.0,0,0,0
34,313.04,2026-01-04T18:19:12.972147,device_34_10,merchant_232,18,0,294.0,0,0,0
34,1437.25,2026-01-04T19:16:13.972147,device_34_10,merchant_553,19,0,3421.0,0,0,0
34,718.93,2026-01-04T19:44:26.972147,device_34_10,merchant_553,19,0,1693.0,0,0,0
34,951.6,2026-01-04T20:03:35.972147,device_34_10,merchant_553,20,0,1149.0,0,0,0
34,492.21,2026-01-04T20:47:46.972147,device_34_10,merchant_665,20,0,2651.0,0,0,0
34,758.9,2026-01-04T21:41:21.972147,device_34_10,merchant_665,21,0,3215.0,0,0,0
34,1444.06,2026-01-04T21:42:17.972147,device_34_10,merchant_386,21,0,56.0,0,0,0
34,706.42,2026-01-04T22:21:32.972147,device_34_10,merchant_203,22,0,2355.0,0,0,0
34,1300.55,2026-01-04T23:10:49.972147,device_34_10,merchant_203,23,0,2957.0,0,0,0
34,1003.0,2026-01-04T23:37:24.972147,device_34_10,merchant_203,23,0,1595.0,0,0,0
34,625.12,2026-01-04T23:50:10.972147,device_34_10,merchant_203,23,0,766.0,0,0,0
34,1337.63,2026-01-05T00:46:47.972147,device_34_10,merchant_203,0,1,3397.0,0,0,0
34,1587.87,2026-01-05T00:59:20.972147,device_34_7,merchant_203,0,1,753.0,1,0,0
34,594.93,2026-01-05T01:34:23.972147,device_34_7,merchant_967,1,1,2103.0,0,0,0
34,998.3,2026-01-05T01:48:53.972147,device_34_7,merchant_967,1,1,870.0,0,1,0
34,1014.62,2026-01-05T02:07:51.972147,device_34_7,merchant_967,2,1,1138.0,0,0,0
34,1298.55,2026-01-05T02:58:40.972147,device_34_7,merchant_967,2,1,3049.0,0,0,0
34,1201.58,2026-01-05T03:31:54.972147,device_34_7,merchant_967,3,1,1994.0,0,0,0
34,674.39,2026-01-05T04:18:00.972147,device_34_7,merchant_967,4,1,2766.0,0,0,0
34,344.25,2026-01-05T05:14:44.972147,device_34_7,merchant_967,5,0,3404.0,0,0,0
34,1297.51,2026-01-05T05:51:19.972147,device_34_7,merchant_406,5,0,2195.0,0,0,0
34,575.55,2026-01-05T06:33:54.972147,device_34_7,merchant_406,6,0,2555.0,0,0,0
34,247.99,2026-01-05T07:21:00.972147,device_34_7,merchant_406,7,0,2826.0,0,0,0
34,844.63,2026-01-05T07:24:21.972147,device_34_7,merchant_406,7,0,201.0,0,0,0
34,1198.97,2026-01-05T07:37:56.972147,device_34_7,merchant_406,7,0,815.0,0,0,0
35,1933.29,2026-01-04T11:07:01.972147,device_35_96,merchant_35_1,11,0,476.0,1,0,0
35,876.83,2026-01-04T11:48:16.972147,device_35_96,merchant_35_1,11,0,2475.0,0,0,0
35,1843.01,2026-01-04T12:20:24.972147,device_35_96,merchant_35_1,12,0,1928.0,0,0,0
35,680.27,2026-01-04T12:38:19.972147,device_35_96,merchant_35_1,12,0,1075.0,0,0,0
35,1585.94,2026-01-04T13:06:19.972147,device_35_96,merchant_35_1,13,0,1680.0,0,0,0
35,1970.58,2026-01-04T13:23:26.972147,device_35_96,merchant_35_1,13,0,1027.0,0,0,0
35,1615.09,2026-01-04T13:38:32.972147,device_35_96,merchant_35_1,13,0,906.0,0,1,0
35,1295.93,2026-01-04T13:47:42.972147,device_35_96,merchant_35_1,13,0,550.0,0,0,0
35,1694.01,2026-01-04T14:27:24.972147,device_35_43,merchant_35_1,14,0,2382.0,1,0,0
35,698.41,2026-01-04T15:12:01.972147,device_35_43,merchant_243,15,0,2677.0,0,1,0
35,262.47,2026-01-04T15:53:03.972147,device_35_71,merchant_243,15,0,2462.0,1,0,0
35,1354.69,2026-01-04T16:01:30.972147,device_35_71,merchant_243,16,0,507.0,0,0,0
35,1006.94,2026-01-04T16:10:10.972147,device_35_71,merchant_127,16,0,520.0,0,0,0
35,919.94,2026-01-04T17:00:34.972147,device_35_71,merchant_127,17,0,3024.0,0,0,0
35,136.17,2026-01-04T17:25:55.972147,device_35_71,merchant_127,17,0,1521.0,0,0,0
35,1796.57,2026-01-04T18:02:55.972147,device_35_71,merchant_127,18,0,2220.0,0,0,0
35,81.3,2026-01-04T19:01:18.972147,device_35_71,merchant_593,19,0,3503.0,0,0,0
35,1825.51,2026-01-04T19:16:13.972147,device_35_71,merchant_593,19,0,895.0,0,0,0
35,872.83,2026-01-04T19:36:27.972147,device_35_71,merchant_593,19,0,1214.0,0,0,0
35,566.52,2026-01-04T20:19:56.972147,device_35_71,merchant_631,20,0,2609.0,0,1,0
35,1471.2,2026-01-04T21:03:17.972147,device_35_71,merchant_631,21,0,2601.0,0,0,0
35,194.23,2026-01-04T21:45:18.972147,device_35_71,merchant_631,21,0,2521.0,0,0,0
35,475.29,2026-01-04T21:52:15.972147,device_35_71,merchant_631,21,0,417.0,0,0,0
35,280.12,2026-01-04T22:40:57.972147,device_35_71,merchant_631,22,0,2922.0,0,0,0
35,1076.37,2026-01-04T23:31:55.972147,device_35_71,merchant_961,23,0,3058.0,0,0,0
35,1993.17,2026-01-04T23:54:29.972147,device_35_71,merchant_961,23,0,1354.0,0,0,0
35,859.97,2026-01-04T23:58:07.972147,device_35_71,merchant_961,23,0,218.0,0,0,0
35,1454.08,2026-01-05T00:46:34.972147,device_35_71,merchant_961,0,1,2907.0,0,0,0
35,202.02,2026-01-05T01:28:03.972147,device_35_71,merchant_961,1,1,2489.0,0,0,0
35,826.44,2026-01-05T01:31:05.972147,device_35_71,merchant_961,1,1,182.0,0,0,0
35,1649.17,2026-01-05T02:05:45.972147,device_35_71,merchant_961,2,1,2080.0,0,0,0
35,1007.14,2026-01-05T02:10:27.972147,device_35_71,merchant_961,2,1,282.0,0,0,0
35,1830.98,2026-01-05T02:30:17.972147,device_35_70,merchant_961,2,1,1190.0,1,0,0
35,97.25,2026-01-05T02:40:20.972147,device_35_70,merchant_961,2,1,603.0,0,0,0
35,155.52,2026-01-05T03:07:08.972147,device_35_70,merchant_961,3,1,1608.0,0,1,0
35,938.81,2026-01-05T03:24:05.972147,device_35_70,merchant_961,3,1,1017.0,0,0,0
35,761.26,2026-01-05T03:48:13.972147,device_35_70,merchant_687,3,1,1448.0,0,0,0
35,722.65,2026-01-05T03:55:13.972147,device_35_70,merchant_687,3,1,420.0,0,0,0
35,1875.06,2026-01-05T04:37:12.972147,device_35_70,merchant_687,4,1,2519.0,0,0,0
35,225.31,2026-01-05T05:36:49.972147,device_35_70,merchant_687,5,0,3577.0,0,0,0
36,1392.41,2026-01-04T11:43:03.972147,device_36_1,merchant_36_1,11,0,2638.0,0,0,0
36,1595.65,2026-01-04T11:48:17.972147,device_36_1,merchant_36_1,11,0,314.0,0,0,0
36,1403.29,2026-01-04T11:51:50.972147,device_36_1,merchant_36_1,11,0,213.0,0,0,0
36,1378.8,2026-01-04T12:43:31.972147,device_36_1,merchant_814,12,0,3101.0,0,0,0
36,1097.17,2026-01-04T13:19:34.972147,device_36_1,merchant_814,13,0,2163.0,0,0,0
36,1485.18,2026-01-04T13:25:30.972147,device_36_1,merchant_814,13,0,356.0,0,0,0
36,1039.09,2026-01-04T13:39:37.972147,device_36_1,merchant_709,13,0,847.0,0,0,0
36,455.66,2026-01-04T14:08:46.972147,device_36_1,merchant_709,14,0,1749.0,0,0,0
36,1142.17,2026-01-04T14:27:21.972147,device_36_1,merchant_709,14,0,1115.0,0,0,0
36,693.52,2026-01-04T15:13:41.972147,device_36_1,merchant_709,15,0,2780.0,0,0,0
36,1269.17,2026-01-04T15:33:13.972147,device_36_1,merchant_102,15,0,1172.0,0,0,0
36,565.67,2026-01-04T16:08:21.972147,device_36_1,merchant_102,16,0,2108.0,0,1,0
36,105.76,2026-01-04T16:23:24.972147,device_36_1,merchant_102,16,0,903.0,0,0,0
36,1979.04,2026-01-04T17:13:42.972147,device_36_1,merchant_102,17,0,3018.0,0,0,0
36,1452.38,2026-01-04T17:17:56.972147,device_36_1,merchant_102,17,0,254.0,0,0,0
36,1841.52,2026-01-04T18:10:13.972147,device_36_72,merchant_102,18,0,3137.0,1,0,0
36,621.36,2026-01-04T19:02:12.972147,device_36_72,merchant_249,19,0,3119.0,0,0,0
36,1083.24,2026-01-04T19:28:55.972147,device_36_72,merchant_249,19,0,1603.0,0,0,0
36,1491.22,2026-01-04T19:33:07.972147,device_36_72,merchant_249,19,0,252.0,0,0,0
36,1363.32,2026-01-04T19:45:22.972147,device_36_72,merchant_249,19,0,735.0,0,0,0
36,655.15,2026-01-04T20:31:16.972147,device_36_72,merchant_249,20,0,2754.0,0,0,0
36,199.21,2026-01-04T20:57:00.972147,device_36_72,merchant_108,20,0,1544.0,0,0,0
36,1210.92,2026-01-04T21:51:22.972147,device_36_72,merchant_108,21,0,3262.0,0,0,0
36,1640.03,2026-01-04T22:21:12.972147,device_36_72,merchant_108,22,0,1790.0,0,0,0
36,1365.25,2026-01-04T22:32:32.972147,device_36_72,merchant_514,22,0,680.0,0,0,0
36,206.79,2026-01-04T22:43:12.972147,device_36_72,merchant_515,22,0,640.0,0,0,0
36,769.21,2026-01-04T23:18:52.972147,device_36_49,merchant_515,23,0,2140.0,1,0,0
36,1700.68,2026-01-04T23:59:41.972147,device_36_49,merchant_515,23,0,2449.0,0,0,0
36,1941.56,2026-01-05T00:20:27.972147,device_36_49,merchant_515,0,1,1246.0,0,0,0
36,1054.19,2026-01-05T01:19:03.972147,device_36_49,merchant_515,1,1,3516.0,0,0,0
36,1950.07,2026-01-05T01:55:46.972147,device_36_49,merchant_515,1,1,2203.0,0,0,0
36,1655.58,2026-01-05T02:11:07.972147,device_36_49,merchant_515,2,1,921.0,0,0,0
36,607.83,2026-01-05T02:18:26.972147,device_36_49,merchant_515,2,1,439.0,0,1,0
36,1624.0,2026-01-05T02:38:52.972147,device_36_49,merchant_515,2,1,1226.0,0,0,0
36,263.54,2026-01-05T03:35:06.972147,device_36_49,merchant_515,3,1,3374.0,0,0,0
36,1295.31,2026-01-05T03:52:23.972147,device_36_49,merchant_515,3,1,1037.0,0,0,0
36,1240.4,2026-01-05T04:21:25.972147,device_36_49,merchant_515,4,1,1742.0,0,0,0
36,577.33,2026-01-05T05:10:13.972147,device_36_49,merchant_515,5,0,2928.0,0,0,0
36,744.16,2026-01-05T05:26:05.972147,device_36_49,merchant_515,5,0,952.0,0,0,0
36,524.11,2026-01-05T05:50:50.972147,device_36_49,merchant_515,5,0,1485.0,0,1,0
37,518.34,2026-01-04T11:09:50.972147,device_37_1,merchant_37_1,11,0,645.0,0,0,0
37,1761.59,2026-01-04T12:01:57.972147,device_37_1,merchant_37_1,12,0,3127.0,0,0,0
37,261.04,2026-01-04T12:03:56.972147,device_37_1,merchant_37_1,12,0,119.0,0,0,0
37,1027.52,2026-01-04T12:41:42.972147,device_37_1,merchant_37_1,12,0,2266.0,0,0,0
37,1227.13,2026-01-04T12:51:06.972147,device_37_1,merchant_37_1,12,0,564.0,0,0,0
37,1432.21,2026-01-04T13:14:01.972147,device_37_1,merchant_37_1,13,0,1375.0,0,0,0
37,1449.27,2026-01-04T13:29:00.972147,device_37_1,merchant_37_1,13,0,899.0,0,0,0
37,1113.89,2026-01-04T14:27:08.972147,device_37_1,merchant_37_1,14,0,3488.0,0,0,0
37,1000.87,2026-01-04T14:46:12.972147,device_37_1,merchant_37_1,14,0,1144.0,0,0,0
37,1464.44,2026-01-04T15:16:57.972147,device_37_1,merchant_37_1,15,0,1845.0,0,0,0
37,1374.12,2026-01-04T15:24:32.972147,device_37_27,merchant_132,15,0,455.0,1,0,0
37,801.94,2026-01-04T15:55:19.972147,device_37_27,merchant_132,15,0,1847.0,0,1,0
37,577.93,2026-01-04T16:24:40.972147,device_37_27,merchant_132,16,0,1761.0,0,0,0
37,165.53,2026-01-04T16:59:52.972147,device_37_27,merchant_132,16,0,2112.0,0,0,0
37,989.04,2026-01-04T17:34:54.972147,device_37_27,merchant_132,17,0,2102.0,0,0,0
37,1340.39,2026-01-04T18:17:28.972147,device_37_27,merchant_132,18,0,2554.0,0,0,0
37,71.63,2026-01-04T18:53:33.972147,device_37_27,merchant_132,18,0,2165.0,0,0,0
37,351.25,2026-01-04T19:49:41.972147,device_37_27,merchant_487,19,0,3368.0,0,1,0
37,227.43,2026-01-04T20:27:55.972147,device_37_27,merchant_487,20,0,2294.0,0,0,0
37,1070.61,2026-01-04T21:16:40.972147,device_37_27,merchant_959,21,0,2925.0,0,0,0
37,1345.24,2026-01-04T21:18:07.972147,device_37_27,merchant_959,21,0,87.0,0,0,0
37,1733.07,2026-01-04T21:39:44.972147,device_37_27,merchant_959,21,0,1297.0,0,0,0
37,806.21,2026-01-04T22:11:49.972147,device_37_27,merchant_321,22,0,1925.0,0,0,0
37,1992.31,2026-01-04T22:19:20.972147,device_37_27,merchant_695,22,0,451.0,0,1,0
37,1655.21,2026-01-04T23:00:14.972147,device_37_27,merchant_695,23,0,2454.0,0,0,0
37,1057.97,2026-01-04T23:37:38.972147,device_37_27,merchant_695,23,0,2244.0,0,0,0
37,1884.65,2026-01-05T00:35:11.972147,device_37_27,merchant_695,0,1,3453.0,0,0,0
37,327.48,2026-01-05T01:18:30.972147,device_37_27,merchant_695,1,1,2599.0,0,0,0
37,1114.58,2026-01-05T01:21:37.972147,device_37_27,merchant_695,1,1,187.0,0,0,0
37,695.84,2026-01-05T01:35:40.972147,device_37_27,merchant_695,1,1,843.0,0,0,0
37,908.81,2026-01-05T02:08:21.972147,device_37_69,merchant_695,2,1,1961.0,1,0,0
37,847.17,2026-01-05T02:11:31.972147,device_37_69,merchant_695,2,1,190.0,0,0,0
37,1657.34,2026-01-05T02:41:07.972147,device_37_69,merchant_695,2,1,1776.0,0,0,0
37,259.42,2026-01-05T03:22:21.972147,device_37_56,merchant_695,3,1,2474.0,1,1,0
37,872.76,2026-01-05T03:27:48.972147,device_37_56,merchant_695,3,1,327.0,0,0,0
37,1312.4,2026-01-05T04:08:48.972147,device_37_56,merchant_695,4,1,2460.0,0,0,0
37,594.88,2026-01-05T04:18:24.972147,device_37_56,merchant_695,4,1,576.0,0,0,0
37,925.98,2026-01-05T05:09:02.972147,device_37_56,merchant_695,5,0,3038.0,0,0,0
37,1079.37,2026-01-05T05:18:27.972147,device_37_56,merchant_863,5,0,565.0,0,0,0
37,1687.36,2026-01-05T06:18:21.972147,device_37_56,merchant_863,6,0,3594.0,0,0,0
38,1122.87,2026-01-04T11:18:52.972147,device_38_1,merchant_38_1,11,0,1187.0,0,0,0
38,1191.06,2026-01-04T12:15:00.972147,device_38_1,merchant_38_1,12,0,3368.0,0,0,0
38,114.63,2026-01-04T13:09:35.972147,device_38_1,merchant_38_1,13,0,3275.0,0,0,0
38,1246.23,2026-01-04T13:26:05.972147,device_38_1,merchant_38_1,13,0,990.0,0,0,0
38,598.27,2026-01-04T13:54:21.972147,device_38_1,merchant_38_1,13,0,1696.0,0,0,0
38,1561.44,2026-01-04T14:09:53.972147,device_38_1,merchant_38_1,14,0,932.0,0,0,0
38,1630.58,2026-01-04T14:44:45.972147,device_38_1,merchant_38_1,14,0,2092.0,0,0,0
38,1250.94,2026-01-04T15:27:56.972147,device_38_95,merchant_38_1,15,0,2591.0,1,0,0
38,449.19,2026-01-04T16:20:22.972147,device_38_95,merchant_38_1,16,0,3146.0,0,0,0
38,271.27,2026-01-04T17:12:44.972147,device_38_95,merchant_38_1,17,0,3142.0,0,0,0
38,971.44,2026-01-04T17:45:33.972147,device_38_95,merchant_38_1,17,0,1969.0,0,1,0
38,659.42,2026-01-04T17:52:57.972147,device_38_95,merchant_38_1,17,0,444.0,0,0,0
38,1776.57,2026-01-04T18:32:37.972147,device_38_95,merchant_38_1,18,0,2380.0,0,0,0
38,1567.28,2026-01-04T19:18:06.972147,device_38_95,merchant_657,19,0,2729.0,0,0,0
38,615.29,2026-01-04T20:04:03.972147,device_38_95,merchant_214,20,0,2757.0,0,0,0
38,888.47,2026-01-04T20:23:30.972147,device_38_95,merchant_214,20,0,1167.0,0,0,0
38,121.08,2026-01-04T20:57:51.972147,device_38_95,merchant_214,20,0,2061.0,0,0,0
38,1578.86,2026-01-04T21:02:52.972147,device_38_95,merchant_214,21,0,301.0,0,0,0
38,417.02,2026-01-04T21:59:57.972147,device_38_95,merchant_214,21,0,3425.0,0,0,0
38,222.49,2026-01-04T22:27:59.972147,device_38_95,merchant_214,22,0,1682.0,0,0,0
38,522.03,2026-01-04T22:53:34.972147,device_38_95,merchant_214,22,0,1535.0,0,0,0
38,1675.16,2026-01-04T23:20:48.972147,device_38_95,merchant_214,23,0,1634.0,0,0,0
38,283.17,2026-01-05T00:02:06.972147,device_38_95,merchant_214,0,1,2478.0,0,0,0
38,162.92,2026-01-05T00:31:29.972147,device_38_95,merchant_381,0,1,1763.0,0,0,0
38,1920.06,2026-01-05T01:26:51.972147,device_38_95,merchant_381,1,1,3322.0,0,0,0
38,574.17,2026-01-05T01:59:02.972147,device_38_95,merchant_381,1,1,1931.0,0,0,0
38,385.79,2026-01-05T02:03:24.972147,device_38_95,merchant_619,2,1,262.0,0,0,0
38,994.47,2026-01-05T02:28:24.972147,device_38_95,merchant_619,2,1,1500.0,0,0,0
38,232.89,2026-01-05T02:30:02.972147,device_38_95,merchant_619,2,1,98.0,0,0,0
38,1038.68,2026-01-05T02:31:14.972147,device_38_95,merchant_619,2,1,72.0,0,1,0
38,538.52,2026-01-05T03:07:54.972147,device_38_9,merchant_619,3,1,2200.0,1,0,0
38,799.37,2026-01-05T03:51:17.972147,device_38_9,merchant_619,3,1,2603.0,0,0,0
38,842.81,2026-01-05T04:35:36.972147,device_38_9,merchant_619,4,1,2659.0,0,1,0
38,1310.51,2026-01-05T05:18:53.972147,device_38_36,merchant_619,5,0,2597.0,1,0,0
38,604.88,2026-01-05T05:42:47.972147,device_38_36,merchant_619,5,0,1434.0,0,0,0
38,1705.67,2026-01-05T06:35:01.972147,device_38_36,merchant_619,6,0,3134.0,0,0,0
38,126.19,2026-01-05T07:31:27.972147,device_38_36,merchant_619,7,0,3386.0,0,0,0
38,644.1,2026-01-05T07:42:15.972147,device_38_36,merchant_619,7,0,648.0,0,0,0
38,732.02,2026-01-05T07:55:31.972147,device_38_36,merchant_619,7,0,796.0,0,0,0
38,1029.44,2026-01-05T08:51:12.972147,device_38_36,merchant_619,8,0,3341.0,0,0,0
39,1737.94,2026-01-04T11:12:39.972147,device_39_1,merchant_890,11,0,814.0,0,0,0
39,1728.03,2026-01-04T12:10:58.972147,device_39_1,merchant_890,12,0,3499.0,0,0,0
39,92.48,2026-01-04T13:05:49.972147,device_39_1,merchant_890,13,0,3291.0,0,0,0
39,726.11,2026-01-04T14:03:53.972147,device_39_1,merchant_890,14,0,3484.0,0,0,0
39,414.99,2026-01-04T15:03:37.972147,device_39_1,merchant_890,15,0,3584.0,0,0,0
39,625.22,2026-01-04T15:13:23.972147,device_39_1,merchant_753,15,0,586.0,0,0,0
39,390.0,2026-01-04T16:01:15.972147,device_39_1,merchant_753,16,0,2872.0,0,0,0
39,1606.71,2026-01-04T16:04:11.972147,device_39_1,merchant_308,16,0,176.0,0,0,0
39,1379.15,2026-01-04T17:03:26.972147,device_39_1,merchant_308,17,0,3555.0,0,0,0
39,734.8,2026-01-04T17:23:38.972147,device_39_92,merchant_308,17,0,1212.0,1,0,0
39,1273.63,2026-01-04T17:25:23.972147,device_39_92,merchant_688,17,0,105.0,0,0,0
39,958.55,2026-01-04T17:31:19.972147,device_39_93,merchant_688,17,0,356.0,1,0,0
39,1779.37,2026-01-04T18:17:50.972147,device_39_93,merchant_472,18,0,2791.0,0,0,0
39,1094.22,2026-01-04T18:30:35.972147,device_39_93,merchant_472,18,0,765.0,0,0,0
39,288.66,2026-01-04T18:43:55.972147,device_39_93,merchant_472,18,0,800.0,0,0,0
39,634.47,2026-01-04T19:06:34.972147,device_39_93,merchant_551,19,0,1359.0,0,0,0
39,769.49,2026-01-04T19:49:58.972147,device_39_93,merchant_551,19,0,2604.0,0,0,0
39,258.09,2026-01-04T20:15:24.972147,device_39_93,merchant_551,20,0,1526.0,0,0,0
39,352.79,2026-01-04T20:49:41.972147,device_39_93,merchant_551,20,0,2057.0,0,0,0
39,1663.61,2026-01-04T21:37:16.972147,device_39_93,merchant_551,21,0,2855.0,0,0,0
39,1126.08,2026-01-04T21:43:40.972147,device_39_93,merchant_551,21,0,384.0,0,0,0
39,692.8,2026-01-04T22:27:41.972147,device_39_93,merchant_551,22,0,2641.0,0,0,0
39,410.95,2026-01-04T22:30:41.972147,device_39_93,merchant_551,22,0,180.0,0,0,0
39,1250.07,2026-01-04T23:22:58.972147,device_39_93,merchant_551,23,0,3137.0,0,0,0
39,584.02,2026-01-05T00:04:40.972147,device_39_93,merchant_551,0,1,2502.0,0,0,0
39,915.06,2026-01-05T00:42:36.972147,device_39_93,merchant_551,0,1,2276.0,0,0,0
39,1418.3,2026-01-05T01:38:23.972147,device_39_93,merchant_818,1,1,3347.0,0,0,0
39,1710.45,2026-01-05T02:32:23.972147,device_39_93,merchant_818,2,1,3240.0,0,0,0
39,394.58,2026-01-05T02:33:31.972147,device_39_93,merchant_818,2,1,68.0,0,0,0
39,1033.75,2026-01-05T02:51:51.972147,device_39_93,merchant_818,2,1,1100.0,0,0,0
39,1286.6,2026-01-05T03:24:36.972147,device_39_10,merchant_818,3,1,1965.0,1,1,0
39,209.29,2026-01-05T04:05:25.972147,device_39_10,merchant_818,4,1,2449.0,0,0,0
39,337.17,2026-01-05T04:43:44.972147,device_39_10,merchant_818,4,1,2299.0,0,0,0
39,393.73,2026-01-05T04:52:24.972147,device_39_10,merchant_818,4,1,520.0,0,0,0
39,1237.46,2026-01-05T05:17:14.972147,device_39_10,merchant_818,5,0,1490.0,0,0,0
39,782.9,2026-01-05T06:11:36.972147,device_39_10,merchant_471,6,0,3262.0,0,0,0
39,928.33,2026-01-05T06:21:09.972147,device_39_10,merchant_471,6,0,573.0,0,0,0
39,1432.37,2026-01-05T06:26:49.972147,device_39_10,merchant_388,6,0,340.0,0,0,0
39,530.17,2026-01-05T07:18:30.972147,device_39_10,merchant_388,7,0,3101.0,0,0,0
39,796.83,2026-01-05T07:35:10.972147,device_39_10,merchant_602,7,0,1000.0,0,0,0
40,322.76,2026-01-04T11:28:37.972147,device_40_30,merchant_40_1,11,0,1772.0,1,0,0
40,382.55,2026-01-04T12:10:52.972147,device_40_81,merchant_40_1,12,0,2535.0,1,0,0
40,185.17,2026-01-04T13:04:41.972147,device_40_81,merchant_40_1,13,0,3229.0,0,1,0
40,1127.06,2026-01-04T13:15:59.972147,device_40_81,merchant_40_1,13,0,678.0,0,0,0
40,1048.08,2026-01-04T13:32:25.972147,device_40_81,merchant_40_1,13,0,986.0,0,0,0
40,1573.55,2026-01-04T13:53:22.972147,device_40_81,merchant_562,13,0,1257.0,0,0,0
40,855.28,2026-01-04T14:45:17.972147,device_40_81,merchant_491,14,0,3115.0,0,0,0
40,356.44,2026-01-04T15:36:17.972147,device_40_81,merchant_491,15,0,3060.0,0,0,0
40,1748.47,2026-01-04T16:15:25.972147,device_40_7,merchant_491,16,0,2348.0,1,0,0
40,1599.59,2026-01-04T16:57:21.972147,device_40_56,merchant_612,16,0,2516.0,1,0,0
40,1420.82,2026-01-04T17:32:42.972147,device_40_56,merchant_555,17,0,2121.0,0,0,0
40,540.25,2026-01-04T17:55:31.972147,device_40_56,merchant_555,17,0,1369.0,0,0,0
40,965.49,2026-01-04T18:01:04.972147,device_40_56,merchant_183,18,0,333.0,0,0,0
40,903.09,2026-01-04T18:39:36.972147,device_40_56,merchant_183,18,0,2312.0,0,0,0
40,1702.16,2026-01-04T19:00:32.972147,device_40_56,merchant_183,19,0,1256.0,0,0,0
40,1190.67,2026-01-04T19:30:41.972147,device_40_56,merchant_784,19,0,1809.0,0,0,0
40,1688.96,2026-01-04T20:01:44.972147,device_40_56,merchant_784,20,0,1863.0,0,0,0
40,809.44,2026-01-04T20:09:05.972147,device_40_56,merchant_655,20,0,441.0,0,0,0
40,1488.23,2026-01-04T20:15:20.972147,device_40_56,merchant_655,20,0,375.0,0,0,0
40,783.86,2026-01-04T20:31:24.972147,device_40_56,merchant_655,20,0,964.0,0,0,0
40,1414.84,2026-01-04T20:46:03.972147,device_40_56,merchant_655,20,0,879.0,0,0,0
40,1965.22,2026-01-04T21:37:34.972147,device_40_56,merchant_655,21,0,3091.0,0,0,0
40,444.84,2026-01-04T22:30:06.972147,device_40_56,merchant_655,22,0,3152.0,0,0,0
40,1441.68,2026-01-04T23:14:27.972147,device_40_56,merchant_655,23,0,2661.0,0,0,0
40,1993.45,2026-01-04T23:24:09.972147,device_40_56,merchant_655,23,0,582.0,0,0,0
40,84.42,2026-01-04T23:47:51.972147,device_40_56,merchant_655,23,0,1422.0,0,1,0
40,1492.07,2026-01-05T00:00:10.972147,device_40_56,merchant_655,0,1,739.0,0,0,0
40,347.58,2026-01-05T00:52:00.972147,device_40_56,merchant_655,0,1,3110.0,0,0,0
40,273.24,2026-01-05T01:00:12.972147,device_40_56,merchant_655,1,1,492.0,0,0,0
40,1662.3,2026-01-05T01:45:54.972147,device_40_56,merchant_655,1,1,2742.0,0,0,0
40,1807.47,2026-01-05T02:33:32.972147,device_40_14,merchant_655,2,1,2858.0,1,0,0
40,744.33,2026-01-05T03:23:18.972147,device_40_54,merchant_655,3,1,2986.0,1,0,0
40,1927.51,2026-01-05T04:14:38.972147,device_40_54,merchant_655,4,1,3080.0,0,0,0
40,1130.46,2026-01-05T04:50:46.972147,device_40_54,merchant_655,4,1,2168.0,0,0,0
40,1022.24,2026-01-05T05:14:00.972147,device_40_54,merchant_655,5,0,1394.0,0,0,0
40,1388.98,2026-01-05T05:23:12.972147,device_40_54,merchant_655,5,0,552.0,0,0,0
40,790.18,2026-01-05T05:53:14.972147,device_40_54,merchant_655,5,0,1802.0,0,1,0
40,328.02,2026-01-05T06:22:39.972147,device_40_54,merchant_879,6,0,1765.0,0,0,0
40,1401.58,2026-01-05T07:18:38.972147,device_40_54,merchant_879,7,0,3359.0,0,0,0
40,1470.38,2026-01-05T08:16:05.972147,device_40_9,merchant_879,8,0,3447.0,1,0,0
41,643.64,2026-01-04T11:43:37.972147,device_41_1,merchant_41_1,11,0,2672.0,0,1,0
41,149.01,2026-01-04T12:08:45.972147,device_41_1,merchant_41_1,12,0,1508.0,0,0,0
41,1027.02,2026-01-04T12:33:43.972147,device_41_1,merchant_41_1,12,0,1498.0,0,0,0
41,997.35,2026-01-04T12:35:38.972147,device_41_1,merchant_41_1,12,0,115.0,0,0,0
41,425.99,2026-01-04T12:56:45.972147,device_41_1,merchant_41_1,12,0,1267.0,0,0,0
41,893.96,2026-01-04T13:32:54.972147,device_41_1,merchant_41_1,13,0,2169.0,0,0,0
41,249.27,2026-01-04T13:40:12.972147,device_41_1,merchant_945,13,0,438.0,0,0,0
41,1489.16,2026-01-04T14:16:36.972147,device_41_1,merchant_945,14,0,2184.0,0,0,0
41,1218.99,2026-01-04T14:52:36.972147,device_41_1,merchant_945,14,0,2160.0,0,0,0
41,138.81,2026-01-04T15:26:01.972147,device_41_99,merchant_945,15,0,2005.0,1,0,0
41,563.89,2026-01-04T15:58:02.972147,device_41_99,merchant_945,15,0,1921.0,0,0,0
41,1784.27,2026-01-04T16:53:36.972147,device_41_99,merchant_129,16,0,3334.0,0,0,0
41,1783.81,2026-01-04T16:55:24.972147,device_41_99,merchant_129,16,0,108.0,0,0,0
41,1165.08,2026-01-04T17:30:43.972147,device_41_99,merchant_129,17,0,2119.0,0,0,0
41,1931.88,2026-01-04T18:13:10.972147,device_41_99,merchant_917,18,0,2547.0,0,0,0
41,116.44,2026-01-04T18:13:35.972147,device_41_99,merchant_917,18,0,25.0,0,0,0
41,417.98,2026-01-04T19:06:15.972147,device_41_99,merchant_264,19,0,3160.0,0,0,0
41,1543.34,2026-01-04T19:12:59.972147,device_41_99,merchant_264,19,0,404.0,0,0,0
41,874.97,2026-01-04T19:22:34.972147,device_41_99,merchant_264,19,0,575.0,0,0,0
41,1304.22,2026-01-04T19:50:29.972147,device_41_99,merchant_264,19,0,1675.0,0,0,0
41,176.08,2026-01-04T20:23:14.972147,device_41_99,merchant_264,20,0,1965.0,0,0,0
41,869.22,2026-01-04T21:05:02.972147,device_41_99,merchant_305,21,0,2508.0,0,0,0
41,1786.92,2026-01-04T21:19:34.972147,device_41_99,merchant_305,21,0,872.0,0,0,0
41,1294.73,2026-01-04T21:59:20.972147,device_41_99,merchant_305,21,0,2386.0,0,0,0
41,816.06,2026-01-04T22:04:46.972147,device_41_99,merchant_305,22,0,326.0,0,1,0
41,258.51,2026-01-04T22:29:17.972147,device_41_99,merchant_305,22,0,1471.0,0,0,0
41,1279.94,2026-01-04T23:00:51.972147,device_41_21,merchant_477,23,0,1894.0,1,0,0
41,118.6,2026-01-04T23:35:01.972147,device_41_21,merchant_477,23,0,2050.0,0,0,0
41,981.94,2026-01-05T00:32:21.972147,device_41_21,merchant_275,0,1,3440.0,0,0,0
41,1450.23,2026-01-05T01:05:00.972147,device_41_21,merchant_198,1,1,1959.0,0,1,0
41,1572.99,2026-01-05T01:33:38.972147,device_41_21,merchant_198,1,1,1718.0,0,0,0
41,632.39,2026-01-05T02:10:18.972147,device_41_21,merchant_198,2,1,2200.0,0,1,0
41,503.3,2026-01-05T02:53:22.972147,device_41_21,merchant_125,2,1,2584.0,0,0,0
41,1020.11,2026-01-05T03:25:50.972147,device_41_21,merchant_125,3,1,1948.0,0,1,0
41,791.12,2026-01-05T04:18:13.972147,device_41_21,merchant_125,4,1,3143.0,0,0,0
41,1182.6,2026-01-05T04:18:36.972147,device_41_21,merchant_125,4,1,23.0,0,0,0
41,483.71,2026-01-05T05:05:57.972147,device_41_49,merchant_125,5,0,2841.0,1,0,0
41,156.57,2026-01-05T05:45:52.972147,device_41_49,merchant_125,5,0,2395.0,0,0,0
41,1276.29,2026-01-05T05:57:22.972147,device_41_49,merchant_125,5,0,690.0,0,0,0
41,1132.5,2026-01-05T06:19:19.972147,device_41_49,merchant_125,6,0,1317.0,0,0,0
42,1207.3,2026-01-04T11:14:30.972147,device_42_1,merchant_42_1,11,0,925.0,0,0,0
42,1067.19,2026-01-04T12:03:40.972147,device_42_1,merchant_42_1,12,0,2950.0,0,0,0
42,1635.99,2026-01-04T12:28:29.972147,device_42_1,merchant_458,12,0,1489.0,0,0,0
42,692.91,2026-01-04T12:41:55.972147,device_42_1,merchant_970,12,0,806.0,0,0,0
42,1160.36,2026-01-04T13:25:59.972147,device_42_1,merchant_970,13,0,2644.0,0,0,0
42,1173.73,2026-01-04T13:39:05.972147,device_42_1,merchant_970,13,0,786.0,0,0,0
42,1993.78,2026-01-04T13:48:49.972147,device_42_1,merchant_970,13,0,584.0,0,0,0
42,194.42,2026-01-04T14:18:24.972147,device_42_1,merchant_970,14,0,1775.0,0,1,0
42,1435.76,2026-01-04T14:52:47.972147,device_42_1,merchant_321,14,0,2063.0,0,0,0
42,253.36,2026-01-04T14:56:58.972147,device_42_68,merchant_321,14,0,251.0,1,0,0
42,159.26,2026-01-04T15:24:31.972147,device_42_68,merchant_321,15,0,1653.0,0,0,0
42,973.73,2026-01-04T15:44:15.972147,device_42_68,merchant_321,15,0,1184.0,0,0,0
42,1708.94,2026-01-04T15:47:22.972147,device_42_68,merchant_844,15,0,187.0,0,1,0
42,1836.27,2026-01-04T15:47:36.972147,device_42_68,merchant_844,15,0,14.0,0,0,0
42,388.87,2026-01-04T16:28:59.972147,device_42_68,merchant_844,16,0,2483.0,0,0,0
42,809.13,2026-01-04T16:39:36.972147,device_42_68,merchant_844,16,0,637.0,0,0,0
42,166.68,2026-01-04T17:07:22.972147,device_42_29,merchant_844,17,0,1666.0,1,0,0
42,1876.03,2026-01-04T18:02:31.972147,device_42_97,merchant_844,18,0,3309.0,1,0,0
42,1248.35,2026-01-04T18:17:01.972147,device_42_97,merchant_844,18,0,870.0,0,0,0
42,285.62,2026-01-04T18:29:23.972147,device_42_97,merchant_844,18,0,742.0,0,0,0
42,1451.13,2026-01-04T18:46:34.972147,device_42_98,merchant_844,18,0,1031.0,1,0,0
42,1165.66,2026-01-04T19:09:52.972147,device_42_98,merchant_844,19,0,1398.0,0,0,0
42,1357.07,2026-01-04T19:45:31.972147,device_42_98,merchant_844,19,0,2139.0,0,0,0
42,713.58,2026-01-04T20:06:00.972147,device_42_98,merchant_844,20,0,1229.0,0,0,0
42,1965.59,2026-01-04T20:55:15.972147,device_42_98,merchant_844,20,0,2955.0,0,0,0
42,1197.12,2026-01-04T21:21:54.972147,device_42_98,merchant_156,21,0,1599.0,0,0,0
42,1964.51,2026-01-04T21:38:15.972147,device_42_98,merchant_156,21,0,981.0,0,0,0
42,1514.45,2026-01-04T22:26:43.972147,device_42_98,merchant_156,22,0,2908.0,0,0,0
42,410.57,2026-01-04T22:42:03.972147,device_42_98,merchant_156,22,0,920.0,0,1,0
42,754.05,2026-01-04T23:20:42.972147,device_42_98,merchant_156,23,0,2319.0,0,0,0
42,1982.45,2026-01-04T23:42:11.972147,device_42_98,merchant_156,23,0,1289.0,0,0,0
42,1119.45,2026-01-04T23:55:34.972147,device_42_98,merchant_156,23,0,803.0,0,0,0
42,1420.75,2026-01-05T00:00:45.972147,device_42_98,merchant_156,0,1,311.0,0,0,0
42,1383.68,2026-01-05T00:39:18.972147,device_42_55,merchant_409,0,1,2313.0,1,0,0
42,1773.02,2026-01-05T01:22:30.972147,device_42_55,merchant_409,1,1,2592.0,0,0,0
42,1076.63,2026-01-05T02:11:26.972147,device_42_55,merchant_409,2,1,2936.0,0,0,0
42,1879.67,2026-01-05T02:48:44.972147,device_42_55,merchant_409,2,1,2238.0,0,0,0
42,1439.69,2026-01-05T03:00:26.972147,device_42_55,merchant_409,3,1,702.0,0,0,0
42,852.2,2026-01-05T03:24:52.972147,device_42_55,merchant_409,3,1,1466.0,0,1,0
42,1454.87,2026-01-05T03:46:31.972147,device_42_55,merchant_593,3,1,1299.0,0,0,0
43,1308.71,2026-01-04T11:29:07.972147,device_43_1,merchant_43_1,11,0,1802.0,0,0,0
43,216.54,2026-01-04T12:23:11.972147,device_43_1,merchant_43_1,12,0,3244.0,0,0,0
43,746.11,2026-01-04T12:46:07.972147,device_43_1,merchant_43_1,12,0,1376.0,0,0,0
43,882.14,2026-01-04T13:34:06.972147,device_43_1,merchant_840,13,0,2879.0,0,0,0
43,330.41,2026-01-04T14:20:04.972147,device_43_1,merchant_840,14,0,2758.0,0,0,0
43,742.6,2026-01-04T15:04:06.972147,device_43_1,merchant_619,15,0,2642.0,0,0,0
43,1463.29,2026-01-04T15:55:12.972147,device_43_1,merchant_723,15,0,3066.0,0,0,0
43,114.85,2026-01-04T16:25:05.972147,device_43_1,merchant_723,16,0,1793.0,0,0,0
43,689.34,2026-01-04T16:34:18.972147,device_43_1,merchant_723,16,0,553.0,0,0,0
43,1516.37,2026-01-04T16:43:39.972147,device_43_1,merchant_723,16,0,561.0,0,1,0
43,1546.06,2026-01-04T16:58:19.972147,device_43_34,merchant_723,16,0,880.0,1,1,0
43,129.08,2026-01-04T17:34:38.972147,device_43_34,merchant_723,17,0,2179.0,0,0,0
43,1998.03,2026-01-04T18:14:54.972147,device_43_34,merchant_574,18,0,2416.0,0,0,0
43,1607.18,2026-01-04T18:45:35.972147,device_43_34,merchant_574,18,0,1841.0,0,1,0
43,1580.07,2026-01-04T19:10:25.972147,device_43_34,merchant_574,19,0,1490.0,0,0,0
43,1516.89,2026-01-04T19:36:36.972147,device_43_34,merchant_574,19,0,1571.0,0,0,0
43,492.53,2026-01-04T20:11:36.972147,device_43_34,merchant_574,20,0,2100.0,0,0,0
43,116.47,2026-01-04T20:32:28.972147,device_43_34,merchant_574,20,0,1252.0,0,0,0
43,253.9,2026-01-04T20:40:11.972147,device_43_34,merchant_574,20,0,463.0,0,0,0
43,1589.99,2026-01-04T21:00:45.972147,device_43_34,merchant_574,21,0,1234.0,0,0,0
43,480.39,2026-01-04T21:35:50.972147,device_43_65,merchant_416,21,0,2105.0,1,0,0
43,566.79,2026-01-04T22:32:29.972147,device_43_21,merchant_416,22,0,3399.0,1,0,0
43,1258.87,2026-01-04T22:47:25.972147,device_43_21,merchant_416,22,0,896.0,0,0,0
43,356.78,2026-01-04T23:03:58.972147,device_43_21,merchant_416,23,0,993.0,0,0,0
43,1763.14,2026-01-04T23:55:19.972147,device_43_21,merchant_656,23,0,3081.0,0,0,0
43,667.2,2026-01-05T00:34:58.972147,device_43_21,merchant_656,0,1,2379.0,0,0,0
43,487.79,2026-01-05T01:30:51.972147,device_43_21,merchant_656,1,1,3353.0,0,0,0
43,389.18,2026-01-05T01:42:04.972147,device_43_21,merchant_656,1,1,673.0,0,0,0
43,515.94,2026-01-05T02:10:02.972147,device_43_51,merchant_656,2,1,1678.0,1,0,0
43,1808.6,2026-01-05T02:12:34.972147,device_43_51,merchant_554,2,1,152.0,0,0,0
43,1506.41,2026-01-05T03:08:32.972147,device_43_51,merchant_554,3,1,3358.0,0,0,0
43,522.27,2026-01-05T03:38:24.972147,device_43_51,merchant_554,3,1,1792.0,0,0,0
43,1011.99,2026-01-05T03:48:41.972147,device_43_51,merchant_554,3,1,617.0,0,0,0
43,1349.51,2026-01-05T04:37:44.972147,device_43_51,merchant_554,4,1,2943.0,0,0,0
43,351.97,2026-01-05T04:56:19.972147,device_43_6,merchant_554,4,1,1115.0,1,0,0
43,1074.71,2026-01-05T05:50:16.972147,device_43_6,merchant_554,5,0,3237.0,0,1,0
43,360.29,2026-01-05T05:59:16.972147,device_43_48,merchant_421,5,0,540.0,1,1,0
43,280.61,2026-01-05T06:25:03.972147,device_43_48,merchant_421,6,0,1547.0,0,0,0
43,528.52,2026-01-05T06:42:53.972147,device_43_48,merchant_421,6,0,1070.0,0,0,0
43,1688.23,2026-01-05T07:41:00.972147,device_43_48,merchant_421,7,0,3487.0,0,0,0
44,1509.82,2026-01-04T11:51:07.972147,device_44_1,merchant_44_1,11,0,3122.0,0,0,0
44,965.63,2026-01-04T12:09:38.972147,device_44_1,merchant_768,12,0,1111.0,0,0,0
44,1727.04,2026-01-04T12:13:34.972147,device_44_61,merchant_768,12,0,236.0,1,1,0
44,1606.37,2026-01-04T12:38:15.972147,device_44_61,merchant_768,12,0,1481.0,0,0,0
44,1934.04,2026-01-04T12:41:17.972147,device_44_61,merchant_768,12,0,182.0,0,0,0
44,1275.21,2026-01-04T13:04:00.972147,device_44_61,merchant_768,13,0,1363.0,0,0,0
44,1302.11,2026-01-04T13:05:39.972147,device_44_61,merchant_768,13,0,99.0,0,0,0
44,1316.48,2026-01-04T13:26:02.972147,device_44_61,merchant_636,13,0,1223.0,0,1,0
44,77.95,2026-01-04T14:09:20.972147,device_44_61,merchant_636,14,0,2598.0,0,0,0
44,857.37,2026-01-04T14:44:47.972147,device_44_61,merchant_636,14,0,2127.0,0,0,0
44,276.6,2026-01-04T15:24:16.972147,device_44_61,merchant_636,15,0,2369.0,0,1,0
44,952.23,2026-01-04T15:39:38.972147,device_44_61,merchant_636,15,0,922.0,0,0,0
44,1638.25,2026-01-04T15:56:57.972147,device_44_61,merchant_636,15,0,1039.0,0,1,0
44,136.32,2026-01-04T16:51:26.972147,device_44_61,merchant_636,16,0,3269.0,0,0,0
44,1039.63,2026-01-04T17:30:26.972147,device_44_61,merchant_219,17,0,2340.0,0,0,0
44,633.91,2026-01-04T18:08:52.972147,device_44_61,merchant_219,18,0,2306.0,0,0,0
44,116.6,2026-01-04T19:04:11.972147,device_44_61,merchant_219,19,0,3319.0,0,0,0
44,915.66,2026-01-04T19:56:22.972147,device_44_61,merchant_219,19,0,3131.0,0,0,0
44,1557.65,2026-01-04T20:24:58.972147,device_44_61,merchant_219,20,0,1716.0,0,0,0
44,1612.19,2026-01-04T21:16:35.972147,device_44_61,merchant_159,21,0,3097.0,0,1,0
44,1320.78,2026-01-04T21:24:01.972147,device_44_61,merchant_159,21,0,446.0,0,0,0
44,875.55,2026-01-04T21:38:49.972147,device_44_61,merchant_256,21,0,888.0,0,0,0
44,285.33,2026-01-04T21:55:26.972147,device_44_61,merchant_256,21,0,997.0,0,0,0
44,1295.54,2026-01-04T22:51:14.972147,device_44_61,merchant_256,22,0,3348.0,0,0,0
44,184.34,2026-01-04T23:01:17.972147,device_44_75,merchant_256,23,0,603.0,1,0,0
44,1578.67,2026-01-04T23:11:43.972147,device_44_75,merchant_256,23,0,626.0,0,0,0
44,968.54,2026-01-04T23:15:24.972147,device_44_75,merchant_551,23,0,221.0,0,0,0
44,356.35,2026-01-04T23:16:42.972147,device_44_75,merchant_551,23,0,78.0,0,0,0
44,753.25,2026-01-04T23:44:02.972147,device_44_75,merchant_551,23,0,1640.0,0,0,0
44,399.71,2026-01-05T00:25:35.972147,device_44_75,merchant_551,0,1,2493.0,0,0,0
44,533.37,2026-01-05T01:06:38.972147,device_44_75,merchant_551,1,1,2463.0,0,0,0
44,871.64,2026-01-05T01:40:58.972147,device_44_75,merchant_334,1,1,2060.0,0,0,0
44,1259.85,2026-01-05T01:59:13.972147,device_44_75,merchant_564,1,1,1095.0,0,0,0
44,1656.85,2026-01-05T02:30:42.972147,device_44_75,merchant_564,2,1,1889.0,0,0,0
44,293.47,2026-01-05T02:40:19.972147,device_44_75,merchant_564,2,1,577.0,0,0,0
44,717.36,2026-01-05T03:23:04.972147,device_44_75,merchant_564,3,1,2565.0,0,0,0
44,314.09,2026-01-05T03:33:54.972147,device_44_75,merchant_564,3,1,650.0,0,0,0
44,1363.92,2026-01-05T03:35:04.972147,device_44_75,merchant_564,3,1,70.0,0,0,0
44,270.32,2026-01-05T04:11:26.972147,device_44_92,merchant_363,4,1,2182.0,1,0,0
44,142.3,2026-01-05T04:27:12.972147,device_44_92,merchant_363,4,1,946.0,0,0,0
45,1012.32,2026-01-04T11:15:21.972147,device_45_1,merchant_441,11,0,976.0,0,0,0
45,881.35,2026-01-04T11:15:50.972147,device_45_1,merchant_441,11,0,29.0,0,0,0
45,328.84,2026-01-04T11:18:18.972147,device_45_1,merchant_441,11,0,148.0,0,0,0
45,870.63,2026-01-04T12:07:29.972147,device_45_1,merchant_441,12,0,2951.0,0,0,0
45,1021.65,2026-01-04T12:11:04.972147,device_45_1,merchant_441,12,0,215.0,0,0,0
45,379.88,2026-01-04T12:36:18.972147,device_45_1,merchant_441,12,0,1514.0,0,1,0
45,74.06,2026-01-04T13:10:24.972147,device_45_97,merchant_337,13,0,2046.0,1,0,0
45,1741.41,2026-01-04T13:14:21.972147,device_45_97,merchant_337,13,0,237.0,0,0,0
45,1231.21,2026-01-04T13:40:26.972147,device_45_97,merchant_337,13,0,1565.0,0,0,0
45,101.04,2026-01-04T14:14:59.972147,device_45_97,merchant_337,14,0,2073.0,0,0,0
45,1046.73,2026-01-04T14:44:04.972147,device_45_97,merchant_337,14,0,1745.0,0,0,0
45,841.58,2026-01-04T15:03:19.972147,device_45_97,merchant_337,15,0,1155.0,0,1,0
45,1203.36,2026-01-04T15:16:16.972147,device_45_97,merchant_337,15,0,777.0,0,0,0
45,552.49,2026-01-04T15:37:40.972147,device_45_97,merchant_337,15,0,1284.0,0,0,0
45,1122.44,2026-01-04T16:35:46.972147,device_45_97,merchant_337,16,0,3486.0,0,0,0
45,1325.91,2026-01-04T16:40:37.972147,device_45_97,merchant_337,16,0,291.0,0,0,0
45,1630.72,2026-01-04T17:27:19.972147,device_45_97,merchant_746,17,0,2802.0,0,0,0
45,1808.48,2026-01-04T17:39:07.972147,device_45_97,merchant_746,17,0,708.0,0,0,0
45,165.02,2026-01-04T18:36:26.972147,device_45_97,merchant_746,18,0,3439.0,0,0,0
45,743.12,2026-01-04T18:58:10.972147,device_45_97,merchant_746,18,0,1304.0,0,0,0
45,827.93,2026-01-04T19:20:35.972147,device_45_97,merchant_274,19,0,1345.0,0,0,0
45,791.48,2026-01-04T19:33:01.972147,device_45_97,merchant_274,19,0,746.0,0,0,0
45,60.4,2026-01-04T20:15:31.972147,device_45_97,merchant_846,20,0,2550.0,0,0,0
45,1252.44,2026-01-04T20:32:20.972147,device_45_97,merchant_846,20,0,1009.0,0,0,0
45,969.22,2026-01-04T21:21:07.972147,device_45_97,merchant_846,21,0,2927.0,0,0,0
45,595.4,2026-01-04T21:57:25.972147,device_45_97,merchant_846,21,0,2178.0,0,0,0
45,748.52,2026-01-04T22:47:35.972147,device_45_97,merchant_846,22,0,3010.0,0,0,0
45,602.35,2026-01-04T23:44:36.972147,device_45_34,merchant_846,23,0,3421.0,1,0,0
45,1245.74,2026-01-05T00:35:42.972147,device_45_34,merchant_419,0,1,3066.0,0,0,0
45,957.85,2026-01-05T00:58:47.972147,device_45_34,merchant_419,0,1,1385.0,0,0,0
45,150.15,2026-01-05T01:51:41.972147,device_45_34,merchant_419,1,1,3174.0,0,0,0
45,1010.48,2026-01-05T02:50:23.972147,device_45_34,merchant_419,2,1,3522.0,0,0,0
45,997.52,2026-01-05T03:11:54.972147,device_45_34,merchant_419,3,1,1291.0,0,0,0
45,144.68,2026-01-05T04:03:46.972147,device_45_34,merchant_877,4,1,3112.0,0,0,0
45,1483.23,2026-01-05T04:36:53.972147,device_45_34,merchant_877,4,1,1987.0,0,0,0
45,796.44,2026-01-05T04:53:31.972147,device_45_34,merchant_877,4,1,998.0,0,0,0
45,710.98,2026-01-05T05:36:12.972147,device_45_34,merchant_877,5,0,2561.0,0,0,0
45,447.83,2026-01-05T05:39:21.972147,device_45_34,merchant_877,5,0,189.0,0,1,0
45,553.3,2026-01-05T06:24:30.972147,device_45_34,merchant_877,6,0,2709.0,0,0,0
45,1706.43,2026-01-05T06:50:58.972147,device_45_34,merchant_877,6,0,1588.0,0,0,0
46,436.13,2026-01-04T11:06:56.972147,device_46_1,merchant_46_1,11,0,471.0,0,0,0
46,1257.07,2026-01-04T11:12:53.972147,device_46_12,merchant_46_1,11,0,357.0,1,0,0
46,63.02,2026-01-04T11:37:27.972147,device_46_12,merchant_46_1,11,0,1474.0,0,0,0
46,1631.42,2026-01-04T11:47:14.972147,device_46_39,merchant_46_1,11,0,587.0,1,0,0
46,828.34,2026-01-04T12:05:47.972147,device_46_67,merchant_46_1,12,0,1113.0,1,0,0
46,678.02,2026-01-04T12:57:45.972147,device_46_67,merchant_46_1,12,0,3118.0,0,0,0
46,378.99,2026-01-04T13:22:00.972147,device_46_67,merchant_46_1,13,0,1455.0,0,0,0
46,679.11,2026-01-04T14:04:32.972147,device_46_67,merchant_46_1,14,0,2552.0,0,0,0
46,1404.13,2026-01-04T14:45:29.972147,device_46_67,merchant_699,14,0,2457.0,0,0,0
46,1870.05,2026-01-04T15:17:50.972147,device_46_67,merchant_699,15,0,1941.0,0,0,0
46,751.53,2026-01-04T15:22:27.972147,device_46_67,merchant_965,15,0,277.0,0,0,0
46,1723.94,2026-01-04T16:19:50.972147,device_46_67,merchant_965,16,0,3443.0,0,0,0
46,1820.61,2026-01-04T17:10:13.972147,device_46_67,merchant_965,17,0,3023.0,0,0,0
46,895.77,2026-01-04T17:51:43.972147,device_46_67,merchant_965,17,0,2490.0,0,1,0
46,1625.43,2026-01-04T18:25:27.972147,device_46_67,merchant_965,18,0,2024.0,0,0,0
46,1249.45,2026-01-04T19:06:30.972147,device_46_67,merchant_965,19,0,2463.0,0,1,0
46,527.79,2026-01-04T19:54:04.972147,device_46_67,merchant_965,19,0,2854.0,0,0,0
46,1655.04,2026-01-04T20:29:42.972147,device_46_27,merchant_965,20,0,2138.0,1,0,0
46,472.8,2026-01-04T21:04:31.972147,device_46_27,merchant_965,21,0,2089.0,0,0,0
46,1666.84,2026-01-04T21:31:21.972147,device_46_27,merchant_965,21,0,1610.0,0,0,0
46,1349.91,2026-01-04T22:12:34.972147,device_46_27,merchant_965,22,0,2473.0,0,0,0
46,275.16,2026-01-04T23:00:54.972147,device_46_34,merchant_965,23,0,2900.0,1,0,0
46,1069.12,2026-01-04T23:15:12.972147,device_46_34,merchant_876,23,0,858.0,0,0,0
46,1904.1,2026-01-04T23:45:55.972147,device_46_34,merchant_876,23,0,1843.0,0,0,0
46,1629.82,2026-01-05T00:08:59.972147,device_46_34,merchant_486,0,1,1384.0,0,0,0
46,1534.97,2026-01-05T00:15:42.972147,device_46_30,merchant_486,0,1,403.0,1,0,0
46,303.0,2026-01-05T00:44:37.972147,device_46_30,merchant_486,0,1,1735.0,0,0,0
46,970.45,2026-01-05T01:12:33.972147,device_46_30,merchant_486,1,1,1676.0,0,0,0
46,1943.97,2026-01-05T01:48:43.972147,device_46_30,merchant_486,1,1,2170.0,0,0,0
46,1349.93,2026-01-05T02:05:17.972147,device_46_30,merchant_486,2,1,994.0,0,0,0
46,1051.85,2026-01-05T02:40:49.972147,device_46_30,merchant_112,2,1,2132.0,0,0,0
46,744.23,2026-01-05T02:41:16.972147,device_46_50,merchant_112,2,1,27.0,1,0,0
46,992.72,2026-01-05T02:42:38.972147,device_46_50,merchant_112,2,1,82.0,0,0,0
46,1545.61,2026-01-05T03:17:36.972147,device_46_50,merchant_112,3,1,2098.0,0,0,0
46,1605.79,2026-01-05T03:23:00.972147,device_46_50,merchant_112,3,1,324.0,0,0,0
46,255.4,2026-01-05T04:10:06.972147,device_46_50,merchant_112,4,1,2826.0,0,0,0
46,1069.92,2026-01-05T04:37:56.972147,device_46_50,merchant_112,4,1,1670.0,0,0,0
46,124.58,2026-01-05T05:30:55.972147,device_46_50,merchant_112,5,0,3179.0,0,0,0
46,1190.06,2026-01-05T05:40:36.972147,device_46_86,merchant_112,5,0,581.0,1,0,0
46,1311.01,2026-01-05T06:08:32.972147,device_46_23,merchant_112,6,0,1676.0,1,0,0
47,1722.64,2026-01-04T11:54:58.972147,device_47_1,merchant_47_1,11,0,3353.0,0,0,0
47,288.81,2026-01-04T12:53:17.972147,device_47_88,merchant_47_1,12,0,3499.0,1,0,0
47,213.99,2026-01-04T13:09:58.972147,device_47_88,merchant_47_1,13,0,1001.0,0,0,0
47,191.07,2026-01-04T13:17:40.972147,device_47_88,merchant_47_1,13,0,462.0,0,0,0
47,1765.54,2026-01-04T13:25:16.972147,device_47_88,merchant_47_1,13,0,456.0,0,0,0
47,1691.36,2026-01-04T13:29:57.972147,device_47_88,merchant_751,13,0,281.0,0,0,0
47,1876.96,2026-01-04T14:07:30.972147,device_47_88,merchant_751,14,0,2253.0,0,0,0
47,1939.97,2026-01-04T14:31:43.972147,device_47_76,merchant_751,14,0,1453.0,1,0,0
47,652.03,2026-01-04T14:35:28.972147,device_47_12,merchant_751,14,0,225.0,1,0,0
47,901.24,2026-01-04T14:45:37.972147,device_47_12,merchant_995,14,0,609.0,0,1,0
47,751.09,2026-01-04T15:01:40.972147,device_47_12,merchant_995,15,0,963.0,0,0,0
47,1548.94,2026-01-04T15:18:37.972147,device_47_12,merchant_995,15,0,1017.0,0,1,0
47,76.6,2026-01-04T15:21:03.972147,device_47_12,merchant_995,15,0,146.0,0,0,0
47,1141.5,2026-01-04T16:17:18.972147,device_47_12,merchant_995,16,0,3375.0,0,0,0
47,464.93,2026-01-04T16:56:05.972147,device_47_12,merchant_995,16,0,2327.0,0,0,0
47,1276.01,2026-01-04T17:00:23.972147,device_47_12,merchant_995,17,0,258.0,0,0,0
47,593.42,2026-01-04T17:59:36.972147,device_47_85,merchant_995,17,0,3553.0,1,0,0
47,1055.96,2026-01-04T18:55:27.972147,device_47_85,merchant_995,18,0,3351.0,0,0,0
47,1111.41,2026-01-04T19:18:06.972147,device_47_85,merchant_995,19,0,1359.0,0,0,0
47,916.84,2026-01-04T19:21:29.972147,device_47_85,merchant_995,19,0,203.0,0,0,0
47,1803.06,2026-01-04T19:37:03.972147,device_47_42,merchant_995,19,0,934.0,1,0,0
47,1467.1,2026-01-04T20:09:08.972147,device_47_42,merchant_242,20,0,1925.0,0,1,0
47,429.28,2026-01-04T20:27:49.972147,device_47_42,merchant_242,20,0,1121.0,0,0,0
47,1039.83,2026-01-04T20:44:44.972147,device_47_42,merchant_242,20,0,1015.0,0,0,0
47,1084.52,2026-01-04T20:49:15.972147,device_47_42,merchant_116,20,0,271.0,0,0,0
47,594.71,2026-01-04T21:41:32.972147,device_47_42,merchant_116,21,0,3137.0,0,0,0
47,1591.56,2026-01-04T22:13:08.972147,device_47_42,merchant_116,22,0,1896.0,0,0,0
47,1819.67,2026-01-04T22:44:06.972147,device_47_42,merchant_116,22,0,1858.0,0,0,0
47,1281.19,2026-01-04T23:03:57.972147,device_47_42,merchant_116,23,0,1191.0,0,0,0
47,1344.15,2026-01-04T23:14:31.972147,device_47_42,merchant_116,23,0,634.0,0,1,0
47,684.24,2026-01-04T23:36:11.972147,device_47_42,merchant_116,23,0,1300.0,0,0,0
47,1377.82,2026-01-05T00:00:46.972147,device_47_42,merchant_116,0,1,1475.0,0,0,0
47,815.04,2026-01-05T00:34:38.972147,device_47_42,merchant_116,0,1,2032.0,0,0,0
47,535.59,2026-01-05T01:07:14.972147,device_47_42,merchant_116,1,1,1956.0,0,0,0
47,1555.52,2026-01-05T01:49:08.972147,device_47_42,merchant_116,1,1,2514.0,0,0,0
47,931.05,2026-01-05T02:33:29.972147,device_47_42,merchant_116,2,1,2661.0,0,0,0
47,1180.75,2026-01-05T03:01:09.972147,device_47_42,merchant_243,3,1,1660.0,0,0,0
47,457.4,2026-01-05T03:25:17.972147,device_47_42,merchant_243,3,1,1448.0,0,0,0
47,259.49,2026-01-05T03:39:24.972147,device_47_42,merchant_243,3,1,847.0,0,0,0
47,1171.98,2026-01-05T04:23:57.972147,device_47_42,merchant_536,4,1,2673.0,0,0,0
48,1221.95,2026-01-04T11:19:51.972147,device_48_90,merchant_48_1,11,0,1246.0,1,0,0
48,1833.57,2026-01-04T12:18:05.972147,device_48_90,merchant_48_1,12,0,3494.0,0,0,0
48,705.52,2026-01-04T13:14:28.972147,device_48_90,merchant_773,13,0,3383.0,0,0,0
48,1422.79,2026-01-04T13:22:08.972147,device_48_90,merchant_601,13,0,460.0,0,1,0
48,1993.81,2026-01-04T13:33:47.972147,device_48_90,merchant_601,13,0,699.0,0,0,0
48,273.44,2026-01-04T14:03:55.972147,device_48_90,merchant_601,14,0,1808.0,0,0,0
48,353.45,2026-01-04T14:15:28.972147,device_48_90,merchant_601,14,0,693.0,0,0,0
48,814.28,2026-01-04T15:05:17.972147,device_48_90,merchant_601,15,0,2989.0,0,0,0
48,1989.2,2026-01-04T15:15:13.972147,device_48_90,merchant_601,15,0,596.0,0,0,0
48,330.83,2026-01-04T15:20:30.972147,device_48_90,merchant_712,15,0,317.0,0,0,0
48,1130.59,2026-01-04T15:22:14.972147,device_48_90,merchant_712,15,0,104.0,0,0,0
48,133.23,2026-01-04T16:04:46.972147,device_48_90,merchant_712,16,0,2552.0,0,0,0
48,1330.52,2026-01-04T17:04:08.972147,device_48_90,merchant_712,17,0,3562.0,0,0,0
48,103.23,2026-01-04T17:51:20.972147,device_48_90,merchant_712,17,0,2832.0,0,0,0
48,946.28,2026-01-04T18:29:26.972147,device_48_90,merchant_712,18,0,2286.0,0,0,0
48,1427.35,2026-01-04T18:32:13.972147,device_48_90,merchant_712,18,0,167.0,0,0,0
48,1294.1,2026-01-04T18:47:25.972147,device_48_90,merchant_712,18,0,912.0,0,0,0
48,1192.42,2026-01-04T18:53:55.972147,device_48_90,merchant_712,18,0,390.0,0,0,0
48,1520.76,2026-01-04T19:34:28.972147,device_48_70,merchant_712,19,0,2433.0,1,0,0
48,182.62,2026-01-04T19:58:01.972147,device_48_70,merchant_712,19,0,1413.0,0,0,0
48,469.04,2026-01-04T20:31:43.972147,device_48_70,merchant_712,20,0,2022.0,0,0,0
48,1247.83,2026-01-04T21:30:00.972147,device_48_70,merchant_712,21,0,3497.0,0,0,0
48,278.51,2026-01-04T22:17:23.972147,device_48_70,merchant_712,22,0,2843.0,0,0,0
48,601.02,2026-01-04T22:37:14.972147,device_48_70,merchant_712,22,0,1191.0,0,0,0
48,695.01,2026-01-04T22:42:33.972147,device_48_86,merchant_712,22,0,319.0,1,0,0
48,784.52,2026-01-04T23:08:26.972147,device_48_86,merchant_712,23,0,1553.0,0,0,0
48,353.67,2026-01-04T23:49:17.972147,device_48_86,merchant_712,23,0,2451.0,0,0,0
48,363.68,2026-01-05T00:07:45.972147,device_48_86,merchant_712,0,1,1108.0,0,0,0
48,270.78,2026-01-05T00:47:37.972147,device_48_5,merchant_712,0,1,2392.0,1,0,0
48,1150.85,2026-01-05T01:38:25.972147,device_48_5,merchant_712,1,1,3048.0,0,0,0
48,1090.67,2026-01-05T02:35:27.972147,device_48_5,merchant_712,2,1,3422.0,0,0,0
48,595.06,2026-01-05T02:58:30.972147,device_48_5,merchant_712,2,1,1383.0,0,0,0
48,599.96,2026-01-05T03:23:52.972147,device_48_5,merchant_294,3,1,1522.0,0,0,0
48,493.37,2026-01-05T03:54:53.972147,device_48_5,merchant_294,3,1,1861.0,0,1,0
48,1266.17,2026-01-05T04:13:38.972147,device_48_21,merchant_294,4,1,1125.0,1,0,0
48,1749.56,2026-01-05T04:16:57.972147,device_48_21,merchant_294,4,1,199.0,0,0,0
48,603.67,2026-01-05T04:30:23.972147,device_48_21,merchant_294,4,1,806.0,0,0,0
48,188.19,2026-01-05T04:32:50.972147,device_48_21,merchant_294,4,1,147.0,0,1,0
48,957.79,2026-01-05T04:35:04.972147,device_48_21,merchant_294,4,1,134.0,0,0,0
48,1981.82,2026-01-05T04:37:38.972147,device_48_21,merchant_294,4,1,154.0,0,0,0
49,1996.68,2026-01-04T11:42:42.972147,device_49_32,merchant_49_1,11,0,2617.0,1,0,0
49,1807.46,2026-01-04T12:01:40.972147,device_49_32,merchant_49_1,12,0,1138.0,0,0,0
49,1174.15,2026-01-04T12:14:07.972147,device_49_32,merchant_49_1,12,0,747.0,0,0,0
49,1414.78,2026-01-04T12:57:59.972147,device_49_32,merchant_49_1,12,0,2632.0,0,0,0
49,538.33,2026-01-04T13:20:21.972147,device_49_32,merchant_49_1,13,0,1342.0,0,1,0
49,391.44,2026-01-04T13:59:56.972147,device_49_32,merchant_49_1,13,0,2375.0,0,0,0
49,763.44,2026-01-04T14:00:34.972147,device_49_32,merchant_49_1,14,0,38.0,0,0,0
49,650.1,2026-01-04T14:22:33.972147,device_49_32,merchant_49_1,14,0,1319.0,0,1,0
49,1140.08,2026-01-04T15:19:24.972147,device_49_32,merchant_49_1,15,0,3411.0,0,0,0
49,1720.19,2026-01-04T15:31:03.972147,device_49_32,merchant_49_1,15,0,699.0,0,1,0
49,436.69,2026-01-04T16:18:09.972147,device_49_32,merchant_49_1,16,0,2826.0,0,0,0
49,598.35,2026-01-04T16:23:10.972147,device_49_32,merchant_49_1,16,0,301.0,0,0,0
49,1642.17,2026-01-04T17:00:31.972147,device_49_32,merchant_49_1,17,0,2241.0,0,0,0
49,797.31,2026-01-04T17:58:43.972147,device_49_32,merchant_49_1,17,0,3492.0,0,0,0
49,758.2,2026-01-04T18:25:00.972147,device_49_32,merchant_49_1,18,0,1577.0,0,0,0
49,1690.48,2026-01-04T18:54:13.972147,device_49_32,merchant_49_1,18,0,1753.0,0,0,0
49,628.7,2026-01-04T19:17:28.972147,device_49_94,merchant_49_1,19,0,1395.0,1,0,0
49,1660.08,2026-01-04T19:17:42.972147,device_49_94,merchant_49_1,19,0,14.0,0,0,0
49,875.14,2026-01-04T19:30:34.972147,device_49_94,merchant_49_1,19,0,772.0,0,0,0
49,960.6,2026-01-04T19:30:54.972147,device_49_94,merchant_49_1,19,0,20.0,0,0,0
49,272.06,2026-01-04T20:17:58.972147,device_49_94,merchant_49_1,20,0,2824.0,0,0,0
49,1605.43,2026-01-04T20:48:40.972147,device_49_94,merchant_49_1,20,0,1842.0,0,0,0
49,1489.62,2026-01-04T21:45:49.972147,device_49_94,merchant_411,21,0,3429.0,0,0,0
49,998.86,2026-01-04T22:12:51.972147,device_49_94,merchant_411,22,0,1622.0,0,0,0
49,490.2,2026-01-04T22:21:29.972147,device_49_94,merchant_411,22,0,518.0,0,0,0
49,365.85,2026-01-04T22:21:50.972147,device_49_94,merchant_411,22,0,21.0,0,0,0
49,691.95,2026-01-04T23:08:24.972147,device_49_94,merchant_411,23,0,2794.0,0,0,0
49,1493.12,2026-01-04T23:11:52.972147,device_49_94,merchant_411,23,0,208.0,0,0,0
49,746.83,2026-01-04T23:21:00.972147,device_49_94,merchant_411,23,0,548.0,0,0,0
49,1447.1,2026-01-04T23:25:16.972147,device_49_94,merchant_411,23,0,256.0,0,0,0
49,318.82,2026-01-04T23:34:39.972147,device_49_94,merchant_411,23,0,563.0,0,0,0
49,1909.02,2026-01-04T23:43:00.972147,device_49_94,merchant_411,23,0,501.0,0,0,0
49,960.32,2026-01-05T00:30:50.972147,device_49_94,merchant_606,0,1,2870.0,0,0,0
49,1392.55,2026-01-05T01:01:20.972147,device_49_94,merchant_606,1,1,1830.0,0,0,0
49,400.97,2026-01-05T01:02:22.972147,device_49_94,merchant_606,1,1,62.0,0,0,0
49,1808.04,2026-01-05T01:11:04.972147,device_49_94,merchant_606,1,1,522.0,0,0,0
49,1132.88,2026-01-05T01:32:01.972147,device_49_94,merchant_606,1,1,1257.0,0,0,0
49,1735.22,2026-01-05T02:07:19.972147,device_49_39,merchant_606,2,1,2118.0,1,0,0
49,1407.48,2026-01-05T02:45:44.972147,device_49_81,merchant_606,2,1,2305.0,1,0,0
49,609.25,2026-01-05T03:19:30.972147,device_49_81,merchant_606,3,1,2026.0,0,0,0
50,1027.94,2026-01-04T10:59:29.972147,device_50_1,merchant_50_1,10,0,24.0,0,0,0
50,1841.39,2026-01-04T11:04:46.972147,device_50_1,merchant_793,11,0,317.0,0,0,0
50,1480.08,2026-01-04T11:14:04.972147,device_50_1,merchant_775,11,0,558.0,0,0,0
50,1129.12,2026-01-04T11:41:53.972147,device_50_1,merchant_775,11,0,1669.0,0,0,0
50,904.34,2026-01-04T12:29:05.972147,device_50_1,merchant_775,12,0,2832.0,0,0,0
50,759.29,2026-01-04T13:21:00.972147,device_50_1,merchant_775,13,0,3115.0,0,0,0
50,1831.76,2026-01-04T13:44:27.972147,device_50_40,merchant_775,13,0,1407.0,1,0,0
50,961.07,2026-01-04T14:01:51.972147,device_50_40,merchant_775,14,0,1044.0,0,0,0
50,1218.25,2026-01-04T14:39:56.972147,device_50_31,merchant_946,14,0,2285.0,1,0,0
50,1137.12,2026-01-04T15:35:30.972147,device_50_92,merchant_946,15,0,3334.0,1,1,0
50,1710.28,2026-01-04T15:46:15.972147,device_50_93,merchant_275,15,0,645.0,1,0,0
50,1411.6,2026-01-04T16:43:35.972147,device_50_93,merchant_275,16,0,3440.0,0,0,0
50,1452.26,2026-01-04T17:38:40.972147,device_50_93,merchant_275,17,0,3305.0,0,0,0
50,285.46,2026-01-04T17:43:17.972147,device_50_93,merchant_275,17,0,277.0,0,0,0
50,1144.2,2026-01-04T18:03:58.972147,device_50_93,merchant_275,18,0,1241.0,0,0,0
50,459.01,2026-01-04T18:56:20.972147,device_50_93,merchant_275,18,0,3142.0,0,0,0
50,886.74,2026-01-04T19:29:34.972147,device_50_93,merchant_275,19,0,1994.0,0,0,0
50,1005.04,2026-01-04T19:39:27.972147,device_50_93,merchant_275,19,0,593.0,0,0,0
50,1214.15,2026-01-04T20:36:54.972147,device_50_93,merchant_275,20,0,3447.0,0,1,0
50,612.55,2026-01-04T21:36:26.972147,device_50_93,merchant_275,21,0,3572.0,0,0,0
50,805.3,2026-01-04T21:44:31.972147,device_50_93,merchant_275,21,0,485.0,0,0,0
50,1424.4,2026-01-04T21:58:13.972147,device_50_93,merchant_275,21,0,822.0,0,0,0
50,1723.6,2026-01-04T22:31:05.972147,device_50_93,merchant_275,22,0,1972.0,0,0,0
50,1191.7,2026-01-04T23:30:09.972147,device_50_93,merchant_275,23,0,3544.0,0,0,0
50,1510.33,2026-01-05T00:01:28.972147,device_50_93,merchant_275,0,1,1879.0,0,0,0
50,1889.46,2026-01-05T00:55:00.972147,device_50_93,merchant_275,0,1,3212.0,0,0,0
50,561.23,2026-01-05T01:25:49.972147,device_50_48,merchant_275,1,1,1849.0,1,0,0
50,771.4,2026-01-05T01:50:13.972147,device_50_48,merchant_490,1,1,1464.0,0,0,0
50,831.76,2026-01-05T02:12:15.972147,device_50_48,merchant_212,2,1,1322.0,0,0,0
50,892.11,2026-01-05T02:57:26.972147,device_50_48,merchant_212,2,1,2711.0,0,0,0
50,1738.92,2026-01-05T03:42:33.972147,device_50_48,merchant_212,3,1,2707.0,0,0,0
50,583.89,2026-01-05T04:10:28.972147,device_50_48,merchant_212,4,1,1675.0,0,0,0
50,438.31,2026-01-05T04:55:39.972147,device_50_48,merchant_212,4,1,2711.0,0,0,0
50,878.2,2026-01-05T05:46:20.972147,device_50_48,merchant_212,5,0,3041.0,0,0,0
50,588.88,2026-01-05T06:00:14.972147,device_50_100,merchant_212,6,0,834.0,1,0,0
50,473.99,2026-01-05T06:22:58.972147,device_50_100,merchant_212,6,0,1364.0,0,0,0
50,738.55,2026-01-05T06:32:42.972147,device_50_100,merchant_212,6,0,584.0,0,0,0
50,1662.78,2026-01-05T07:25:14.972147,device_50_100,merchant_212,7,0,3152.0,0,0,0
50,865.35,2026-01-05T07:39:18.972147,device_50_53,merchant_252,7,0,844.0,1,0,0
50,1337.5,2026-01-05T08:21:08.972147,device_50_53,merchant_252,8,0,2510.0,0,0,0
